BTC, ETC
2016-07-25-06-00, 0.001232
2016-07-25-12-00, 0.000990
2016-07-25-18-00, 0.001000
2016-07-26-00-00, 0.000925
2016-07-26-06-00, 0.001187
2016-07-26-12-00, 0.000000
2016-07-26-18-00, 0.003270
2016-07-27-00-00, 0.003310
2016-07-27-06-00, 0.003250
2016-07-27-12-00, 0.002948
2016-07-27-18-00, 0.002300
2016-07-28-00-00, 0.002431
2016-07-28-06-00, 0.002285
2016-07-28-12-00, 0.002817
2016-07-28-18-00, 0.002804
2016-07-29-00-00, 0.002630
2016-07-29-06-00, 0.002650
2016-07-29-12-00, 0.002535
2016-07-29-18-00, 0.002451
2016-07-30-00-00, 0.002484
2016-07-30-06-00, 0.002543
2016-07-30-12-00, 0.002499
2016-07-30-18-00, 0.002393
2016-07-31-00-00, 0.002396
2016-07-31-06-00, 0.002610
2016-07-31-12-00, 0.002818
2016-07-31-18-00, 0.002945
2016-08-01-00-00, 0.002879
2016-08-01-06-00, 0.002913
2016-08-01-12-00, 0.003440
2016-08-01-18-00, 0.003408
2016-08-02-00-00, 0.003888
2016-08-02-06-00, 0.004336
2016-08-02-12-00, 0.004392
2016-08-02-18-00, 0.004800
2016-08-03-00-00, 0.005118
2016-08-03-06-00, 0.004999
2016-08-03-12-00, 0.005120
2016-08-03-18-00, 0.005480
2016-08-04-00-00, 0.004583
2016-08-04-06-00, 0.004726
2016-08-04-12-00, 0.004190
2016-08-04-18-00, 0.004289
2016-08-05-00-00, 0.004070
2016-08-05-06-00, 0.004454
2016-08-05-12-00, 0.004100
2016-08-05-18-00, 0.004365
2016-08-06-00-00, 0.004480
2016-08-06-06-00, 0.004590
2016-08-06-12-00, 0.004959
2016-08-06-18-00, 0.004429
2016-08-07-00-00, 0.004590
2016-08-07-06-00, 0.004160
2016-08-07-12-00, 0.003796
2016-08-07-18-00, 0.003800
2016-08-08-00-00, 0.003634
2016-08-08-06-00, 0.003886
2016-08-08-12-00, 0.003739
2016-08-08-18-00, 0.003706
2016-08-09-00-00, 0.003705
2016-08-09-06-00, 0.003651
2016-08-09-12-00, 0.003277
2016-08-09-18-00, 0.003190
2016-08-10-00-00, 0.003310
2016-08-10-06-00, 0.003387
2016-08-10-12-00, 0.003137
2016-08-10-18-00, 0.002960
2016-08-11-00-00, 0.002900
2016-08-11-06-00, 0.002736
2016-08-11-12-00, 0.003255
2016-08-11-18-00, 0.003244
2016-08-12-00-00, 0.003136
2016-08-12-06-00, 0.003407
2016-08-12-12-00, 0.003349
2016-08-12-18-00, 0.003100
2016-08-13-00-00, 0.003156
2016-08-13-06-00, 0.003215
2016-08-13-12-00, 0.003182
2016-08-13-18-00, 0.003151
2016-08-14-00-00, 0.003195
2016-08-14-06-00, 0.003300
2016-08-14-12-00, 0.003310
2016-08-14-18-00, 0.003439
2016-08-15-00-00, 0.003379
2016-08-15-06-00, 0.003400
2016-08-15-12-00, 0.003479
2016-08-15-18-00, 0.003280
2016-08-16-00-00, 0.003283
2016-08-16-06-00, 0.003299
2016-08-16-12-00, 0.003196
2016-08-16-18-00, 0.003207
2016-08-17-00-00, 0.003218
2016-08-17-06-00, 0.003198
2016-08-17-12-00, 0.003150
2016-08-17-18-00, 0.003058
2016-08-18-00-00, 0.003029
2016-08-18-06-00, 0.003068
2016-08-18-12-00, 0.003019
2016-08-18-18-00, 0.002909
2016-08-19-00-00, 0.002928
2016-08-19-06-00, 0.002849
2016-08-19-12-00, 0.002835
2016-08-19-18-00, 0.003041
2016-08-20-00-00, 0.003100
2016-08-20-06-00, 0.002991
2016-08-20-12-00, 0.002922
2016-08-20-18-00, 0.003005
2016-08-21-00-00, 0.002997
2016-08-21-06-00, 0.002964
2016-08-21-12-00, 0.002965
2016-08-21-18-00, 0.002947
2016-08-22-00-00, 0.002966
2016-08-22-06-00, 0.002959
2016-08-22-12-00, 0.002928
2016-08-22-18-00, 0.002871
2016-08-23-00-00, 0.002845
2016-08-23-06-00, 0.002765
2016-08-23-12-00, 0.002725
2016-08-23-18-00, 0.002875
2016-08-24-00-00, 0.002751
2016-08-24-06-00, 0.002763
2016-08-24-12-00, 0.002700
2016-08-24-18-00, 0.002552
2016-08-25-00-00, 0.002487
2016-08-25-06-00, 0.002392
2016-08-25-12-00, 0.002320
2016-08-25-18-00, 0.002393
2016-08-26-00-00, 0.002370
2016-08-26-06-00, 0.002329
2016-08-26-12-00, 0.002570
2016-08-26-18-00, 0.002454
2016-08-27-00-00, 0.002484
2016-08-27-06-00, 0.002468
2016-08-27-12-00, 0.002517
2016-08-27-18-00, 0.002505
2016-08-28-00-00, 0.002359
2016-08-28-06-00, 0.002306
2016-08-28-12-00, 0.002324
2016-08-28-18-00, 0.002301
2016-08-29-00-00, 0.002292
2016-08-29-06-00, 0.002315
2016-08-29-12-00, 0.002281
2016-08-29-18-00, 0.002190
2016-08-30-00-00, 0.002197
2016-08-30-06-00, 0.002200
2016-08-30-12-00, 0.002152
2016-08-30-18-00, 0.002137
2016-08-31-00-00, 0.002133
2016-08-31-06-00, 0.002106
2016-08-31-12-00, 0.002062
2016-08-31-18-00, 0.002175
2016-09-01-00-00, 0.002060
2016-09-01-06-00, 0.002186
2016-09-01-12-00, 0.002186
2016-09-01-18-00, 0.002342
2016-09-02-00-00, 0.002534
2016-09-02-06-00, 0.002512
2016-09-02-12-00, 0.002525
2016-09-02-18-00, 0.002490
2016-09-03-00-00, 0.002421
2016-09-03-06-00, 0.002409
2016-09-03-12-00, 0.002362
2016-09-03-18-00, 0.002328
2016-09-04-00-00, 0.002240
2016-09-04-06-00, 0.002220
2016-09-04-12-00, 0.002310
2016-09-04-18-00, 0.002292
2016-09-05-00-00, 0.002404
2016-09-05-06-00, 0.002374
2016-09-05-12-00, 0.002506
2016-09-05-18-00, 0.002426
2016-09-06-00-00, 0.000000
2016-09-06-06-00, 0.002421
2016-09-06-12-00, 0.002398
2016-09-06-18-00, 0.002430
2016-09-07-00-00, 0.002396
2016-09-07-06-00, 0.002398
2016-09-07-12-00, 0.002396
2016-09-07-18-00, 0.002388
2016-09-08-00-00, 0.002402
2016-09-08-06-00, 0.002385
2016-09-08-12-00, 0.002370
2016-09-08-18-00, 0.002350
2016-09-09-00-00, 0.002289
2016-09-09-06-00, 0.002278
2016-09-09-12-00, 0.002230
2016-09-09-18-00, 0.002286
2016-09-10-00-00, 0.002238
2016-09-10-06-00, 0.002314
2016-09-10-12-00, 0.002291
2016-09-10-18-00, 0.002253
2016-09-11-00-00, 0.002278
2016-09-11-06-00, 0.002220
2016-09-11-12-00, 0.002168
2016-09-11-18-00, 0.002190
2016-09-12-00-00, 0.002190
2016-09-12-06-00, 0.002192
2016-09-12-12-00, 0.002160
2016-09-12-18-00, 0.002167
2016-09-13-00-00, 0.002174
2016-09-13-06-00, 0.002166
2016-09-13-12-00, 0.002150
2016-09-13-18-00, 0.002116
2016-09-14-00-00, 0.002110
2016-09-14-06-00, 0.002076
2016-09-14-12-00, 0.002081
2016-09-14-18-00, 0.002091
2016-09-15-00-00, 0.002110
2016-09-15-06-00, 0.002124
2016-09-15-12-00, 0.002131
2016-09-15-18-00, 0.002104
2016-09-16-00-00, 0.002102
2016-09-16-06-00, 0.002100
2016-09-16-12-00, 0.002119
2016-09-16-18-00, 0.002168
2016-09-17-00-00, 0.002177
2016-09-17-06-00, 0.002145
2016-09-17-12-00, 0.002178
2016-09-17-18-00, 0.002165
2016-09-18-00-00, 0.002184
2016-09-18-06-00, 0.002213
2016-09-18-12-00, 0.002178
2016-09-18-18-00, 0.002183
2016-09-19-00-00, 0.002161
2016-09-19-06-00, 0.000000
2016-09-19-12-00, 0.002155
2016-09-19-18-00, 0.002125
2016-09-20-00-00, 0.002093
2016-09-20-06-00, 0.002079
2016-09-20-12-00, 0.002046
2016-09-20-18-00, 0.002056
2016-09-21-00-00, 0.002059
2016-09-21-06-00, 0.002075
2016-09-21-12-00, 0.002099
2016-09-21-18-00, 0.002114
2016-09-22-00-00, 0.002050
2016-09-22-06-00, 0.001983
2016-09-22-12-00, 0.001975
2016-09-22-18-00, 0.002105
2016-09-23-00-00, 0.002104
2016-09-23-06-00, 0.002136
2016-09-23-12-00, 0.002108
2016-09-23-18-00, 0.002044
2016-09-24-00-00, 0.002060
2016-09-24-06-00, 0.002050
2016-09-24-12-00, 0.002055
2016-09-24-18-00, 0.002031
2016-09-25-00-00, 0.002073
2016-09-25-06-00, 0.002070
2016-09-25-12-00, 0.002048
2016-09-25-18-00, 0.002033
2016-09-26-00-00, 0.002019
2016-09-26-06-00, 0.002005
2016-09-26-12-00, 0.001999
2016-09-26-18-00, 0.001975
2016-09-27-00-00, 0.001970
2016-09-27-06-00, 0.001949
2016-09-27-12-00, 0.001967
2016-09-27-18-00, 0.001958
2016-09-28-00-00, 0.001981
2016-09-28-06-00, 0.002084
2016-09-28-12-00, 0.002061
2016-09-28-18-00, 0.002041
2016-09-29-00-00, 0.002060
2016-09-29-06-00, 0.002037
2016-09-29-12-00, 0.002029
2016-09-29-18-00, 0.002039
2016-09-30-00-00, 0.002095
2016-09-30-06-00, 0.002060
2016-09-30-12-00, 0.002061
2016-09-30-18-00, 0.002062
2016-10-01-00-00, 0.002054
2016-10-01-06-00, 0.002043
2016-10-01-12-00, 0.001995
2016-10-01-18-00, 0.001978
2016-10-02-00-00, 0.000000
2016-10-02-06-00, 0.001989
2016-10-02-12-00, 0.001950
2016-10-02-18-00, 0.001972
2016-10-03-00-00, 0.001951
2016-10-03-06-00, 0.001955
2016-10-03-12-00, 0.001958
2016-10-03-18-00, 0.001928
2016-10-04-00-00, 0.001951
2016-10-04-06-00, 0.001937
2016-10-04-12-00, 0.001939
2016-10-04-18-00, 0.001917
2016-10-05-00-00, 0.001901
2016-10-05-06-00, 0.001905
2016-10-05-12-00, 0.001895
2016-10-05-18-00, 0.001940
2016-10-06-00-00, 0.001940
2016-10-06-06-00, 0.001929
2016-10-06-12-00, 0.001919
2016-10-06-18-00, 0.001926
2016-10-07-00-00, 0.001918
2016-10-07-06-00, 0.001925
2016-10-07-12-00, 0.001873
2016-10-07-18-00, 0.001875
2016-10-08-00-00, 0.001895
2016-10-08-06-00, 0.001883
2016-10-08-12-00, 0.001882
2016-10-08-18-00, 0.001918
2016-10-09-00-00, 0.001910
2016-10-09-02-00, 0.001900
2016-10-09-03-00, 0.001900
2016-10-09-04-00, 0.001900
2016-10-09-05-00, 0.001900
2016-10-09-06-00, 0.001901
2016-10-09-07-00, 0.001900
2016-10-09-08-00, 0.001898
2016-10-09-09-00, 0.001894
2016-10-09-10-00, 0.001897
2016-10-09-11-00, 0.001900
2016-10-09-12-00, 0.001903
2016-10-09-13-00, 0.001917
2016-10-09-14-00, 0.001911
2016-10-09-15-00, 0.001905
2016-10-09-16-00, 0.001902
2016-10-09-17-00, 0.001902
2016-10-09-18-00, 0.001902
2016-10-09-19-00, 0.001896
2016-10-09-20-00, 0.001901
2016-10-09-21-00, 0.001894
2016-10-09-22-00, 0.001898
2016-10-09-23-00, 0.001894
2016-10-10-00-00, 0.001894
2016-10-10-01-00, 0.001893
2016-10-10-02-00, 0.001888
2016-10-10-03-00, 0.001882
2016-10-10-04-00, 0.001880
2016-10-10-05-00, 0.001882
2016-10-10-06-00, 0.001886
2016-10-10-07-00, 0.001885
2016-10-10-08-00, 0.001880
2016-10-10-09-00, 0.001880
2016-10-10-10-00, 0.001871
2016-10-10-11-00, 0.001875
2016-10-10-12-00, 0.001865
2016-10-10-13-00, 0.001865
2016-10-10-14-00, 0.001875
2016-10-10-15-00, 0.001860
2016-10-10-16-00, 0.001875
2016-10-10-17-00, 0.001882
2016-10-10-18-00, 0.001875
2016-10-10-19-00, 0.001866
2016-10-10-20-00, 0.001882
2016-10-10-21-00, 0.001860
2016-10-10-22-00, 0.001865
2016-10-10-23-00, 0.001855
2016-10-11-00-00, 0.001860
2016-10-11-01-00, 0.001855
2016-10-11-02-00, 0.001860
2016-10-11-03-00, 0.001861
2016-10-11-04-00, 0.001865
2016-10-11-05-00, 0.001813
2016-10-11-06-00, 0.001816
2016-10-11-07-00, 0.001818
2016-10-11-08-00, 0.001806
2016-10-11-09-00, 0.001801
2016-10-11-10-00, 0.001793
2016-10-11-11-00, 0.001797
2016-10-11-12-00, 0.001800
2016-10-11-13-00, 0.001783
2016-10-11-14-00, 0.001778
2016-10-11-15-00, 0.001772
2016-10-11-16-00, 0.001773
2016-10-11-17-00, 0.001775
2016-10-11-18-00, 0.001758
2016-10-11-19-00, 0.001762
2016-10-11-20-00, 0.001741
2016-10-11-21-00, 0.001754
2016-10-11-22-00, 0.001735
2016-10-11-23-00, 0.001711
2016-10-12-00-00, 0.001709
2016-10-12-01-00, 0.001699
2016-10-12-02-00, 0.001636
2016-10-12-03-00, 0.001582
2016-10-12-04-00, 0.001606
2016-10-12-05-00, 0.001635
2016-10-12-06-00, 0.001639
2016-10-12-07-00, 0.001626
2016-10-12-08-00, 0.001621
2016-10-12-09-00, 0.001630
2016-10-12-10-00, 0.001600
2016-10-12-11-00, 0.001594
2016-10-12-12-00, 0.001605
2016-10-12-13-00, 0.001599
2016-10-12-14-00, 0.001604
2016-10-12-15-00, 0.001612
2016-10-12-16-00, 0.001600
2016-10-12-17-00, 0.001590
2016-10-12-18-00, 0.001585
2016-10-12-19-00, 0.001582
2016-10-12-20-00, 0.001581
2016-10-12-21-00, 0.001601
2016-10-12-22-00, 0.001628
2016-10-12-23-00, 0.001622
2016-10-13-00-00, 0.001626
2016-10-13-01-00, 0.001617
2016-10-13-02-00, 0.001633
2016-10-13-03-00, 0.001628
2016-10-13-04-00, 0.001625
2016-10-13-05-00, 0.001636
2016-10-13-06-00, 0.001634
2016-10-13-07-00, 0.001633
2016-10-13-08-00, 0.001637
2016-10-13-09-00, 0.001622
2016-10-13-10-00, 0.001626
2016-10-13-11-00, 0.001613
2016-10-13-12-00, 0.001606
2016-10-13-13-00, 0.001597
2016-10-13-14-00, 0.001585
2016-10-13-15-00, 0.001585
2016-10-13-16-00, 0.001581
2016-10-13-17-00, 0.001553
2016-10-13-18-00, 0.001561
2016-10-13-19-00, 0.001565
2016-10-13-20-00, 0.001554
2016-10-13-21-00, 0.001571
2016-10-13-22-00, 0.001576
2016-10-13-23-00, 0.001591
2016-10-14-00-00, 0.001584
2016-10-14-01-00, 0.001582
2016-10-14-02-00, 0.001582
2016-10-14-03-00, 0.001573
2016-10-14-04-00, 0.001569
2016-10-14-05-00, 0.001555
2016-10-14-06-00, 0.001556
2016-10-14-07-00, 0.001556
2016-10-14-08-00, 0.001558
2016-10-14-09-00, 0.001558
2016-10-14-10-00, 0.001558
2016-10-14-11-00, 0.001554
2016-10-14-12-00, 0.001540
2016-10-14-13-00, 0.001550
2016-10-14-14-00, 0.001550
2016-10-14-15-00, 0.001546
2016-10-14-16-00, 0.001551
2016-10-14-17-00, 0.001546
2016-10-14-18-00, 0.001546
2016-10-14-19-00, 0.001550
2016-10-14-20-00, 0.001546
2016-10-14-21-00, 0.001546
2016-10-14-22-00, 0.001546
2016-10-14-23-00, 0.001550
2016-10-15-00-00, 0.001546
2016-10-15-01-00, 0.001546
2016-10-15-02-00, 0.001558
2016-10-15-03-00, 0.001554
2016-10-15-04-00, 0.001550
2016-10-15-05-00, 0.001560
2016-10-15-06-00, 0.001546
2016-10-15-07-00, 0.001546
2016-10-15-08-00, 0.001556
2016-10-15-09-00, 0.001551
2016-10-15-10-00, 0.001545
2016-10-15-11-00, 0.001545
2016-10-15-12-00, 0.001545
2016-10-15-13-00, 0.001545
2016-10-15-14-00, 0.001545
2016-10-15-15-00, 0.001544
2016-10-15-16-00, 0.001550
2016-10-15-17-00, 0.001556
2016-10-15-18-00, 0.001545
2016-10-15-19-00, 0.001546
2016-10-15-20-00, 0.001546
2016-10-15-21-00, 0.001546
2016-10-15-22-00, 0.001552
2016-10-15-23-00, 0.001559
2016-10-16-00-00, 0.001559
2016-10-16-01-00, 0.001551
2016-10-16-02-00, 0.001550
2016-10-16-03-00, 0.001551
2016-10-16-04-00, 0.001555
2016-10-16-05-00, 0.001553
2016-10-16-06-00, 0.001550
2016-10-16-07-00, 0.001550
2016-10-16-08-00, 0.001550
2016-10-16-09-00, 0.001558
2016-10-16-10-00, 0.001579
2016-10-16-11-00, 0.001550
2016-10-16-12-00, 0.001552
2016-10-16-13-00, 0.001547
2016-10-16-14-00, 0.001547
2016-10-16-15-00, 0.001546
2016-10-16-16-00, 0.001550
2016-10-16-17-00, 0.001570
2016-10-16-18-00, 0.001590
2016-10-16-19-00, 0.001582
2016-10-16-20-00, 0.001584
2016-10-16-21-00, 0.001620
2016-10-16-22-00, 0.001630
2016-10-16-23-00, 0.001756
2016-10-17-00-00, 0.001876
2016-10-17-01-00, 0.001776
2016-10-17-02-00, 0.001781
2016-10-17-03-00, 0.001704
2016-10-17-04-00, 0.001690
2016-10-17-05-00, 0.001708
2016-10-17-06-00, 0.001729
2016-10-17-07-00, 0.001726
2016-10-17-08-00, 0.001766
2016-10-17-09-00, 0.001747
2016-10-17-10-00, 0.001742
2016-10-17-11-00, 0.001686
2016-10-17-12-00, 0.001717
2016-10-17-13-00, 0.001681
2016-10-17-14-00, 0.001671
2016-10-17-15-00, 0.001668
2016-10-17-16-00, 0.001671
2016-10-17-17-00, 0.001710
2016-10-17-18-00, 0.001687
2016-10-17-19-00, 0.001676
2016-10-17-20-00, 0.001700
2016-10-17-21-00, 0.001719
2016-10-17-22-00, 0.001678
2016-10-17-23-00, 0.001685
2016-10-18-00-00, 0.001673
2016-10-18-01-00, 0.001675
2016-10-18-02-00, 0.001655
2016-10-18-03-00, 0.001656
2016-10-18-04-00, 0.001651
2016-10-18-05-00, 0.001651
2016-10-18-06-00, 0.001652
2016-10-18-07-00, 0.001649
2016-10-18-08-00, 0.001646
2016-10-18-09-00, 0.001640
2016-10-18-10-00, 0.001630
2016-10-18-11-00, 0.001627
2016-10-18-12-00, 0.001629
2016-10-18-13-00, 0.001630
2016-10-18-14-00, 0.001614
2016-10-18-15-00, 0.001606
2016-10-18-16-00, 0.001596
2016-10-18-17-00, 0.001605
2016-10-18-18-00, 0.001605
2016-10-18-19-00, 0.001600
2016-10-18-20-00, 0.001625
2016-10-18-21-00, 0.001623
2016-10-18-22-00, 0.001630
2016-10-18-23-00, 0.001636
2016-10-19-00-00, 0.001656
2016-10-19-01-00, 0.001648
2016-10-19-02-00, 0.001649
2016-10-19-03-00, 0.001642
2016-10-19-04-00, 0.001670
2016-10-19-05-00, 0.001653
2016-10-19-06-00, 0.001669
2016-10-19-07-00, 0.001660
2016-10-19-08-00, 0.001664
2016-10-19-09-00, 0.001658
2016-10-19-10-00, 0.001695
2016-10-19-11-00, 0.001675
2016-10-19-12-00, 0.001687
2016-10-19-13-00, 0.001663
2016-10-19-14-00, 0.001644
2016-10-19-15-00, 0.001655
2016-10-19-16-00, 0.001655
2016-10-19-17-00, 0.001653
2016-10-19-18-00, 0.001660
2016-10-19-19-00, 0.001660
2016-10-19-20-00, 0.001663
2016-10-19-21-00, 0.001674
2016-10-19-22-00, 0.001665
2016-10-19-23-00, 0.001660
2016-10-20-00-00, 0.001671
2016-10-20-01-00, 0.001662
2016-10-20-02-00, 0.001673
2016-10-20-03-00, 0.001674
2016-10-20-04-00, 0.001680
2016-10-20-05-00, 0.001676
2016-10-20-06-00, 0.001676
2016-10-20-07-00, 0.001676
2016-10-20-08-00, 0.001660
2016-10-20-09-00, 0.001660
2016-10-20-10-00, 0.001660
2016-10-20-11-00, 0.001659
2016-10-20-12-00, 0.001655
2016-10-20-13-00, 0.001650
2016-10-20-14-00, 0.001649
2016-10-20-15-00, 0.001666
2016-10-20-16-00, 0.001648
2016-10-20-17-00, 0.001655
2016-10-20-18-00, 0.001670
2016-10-20-19-00, 0.001651
2016-10-20-20-00, 0.001649
2016-10-20-21-00, 0.001639
2016-10-20-22-00, 0.001650
2016-10-20-23-00, 0.001650
2016-10-21-00-00, 0.001654
2016-10-21-01-00, 0.001660
2016-10-21-02-00, 0.001652
2016-10-21-03-00, 0.001677
2016-10-21-04-00, 0.001677
2016-10-21-05-00, 0.001671
2016-10-21-06-00, 0.001660
2016-10-21-07-00, 0.001656
2016-10-21-08-00, 0.001646
2016-10-21-09-00, 0.001640
2016-10-21-10-00, 0.001640
2016-10-21-11-00, 0.001631
2016-10-21-12-00, 0.001635
2016-10-21-13-00, 0.001630
2016-10-21-14-00, 0.001625
2016-10-21-15-00, 0.001625
2016-10-21-16-00, 0.001642
2016-10-21-17-00, 0.001644
2016-10-21-18-00, 0.001623
2016-10-21-19-00, 0.001630
2016-10-21-20-00, 0.001628
2016-10-21-21-00, 0.001623
2016-10-21-22-00, 0.001626
2016-10-21-23-00, 0.001624
2016-10-22-00-00, 0.001632
2016-10-22-01-00, 0.001624
2016-10-22-02-00, 0.001630
2016-10-22-03-00, 0.001627
2016-10-22-04-00, 0.001629
2016-10-22-05-00, 0.001629
2016-10-22-06-00, 0.001623
2016-10-22-07-00, 0.001630
2016-10-22-08-00, 0.001623
2016-10-22-09-00, 0.001628
2016-10-22-10-00, 0.001620
2016-10-22-11-00, 0.001620
2016-10-22-12-00, 0.001620
2016-10-22-13-00, 0.001621
2016-10-22-14-00, 0.001621
2016-10-22-15-00, 0.001610
2016-10-22-16-00, 0.001596
2016-10-22-17-00, 0.001596
2016-10-22-18-00, 0.001596
2016-10-22-19-00, 0.001595
2016-10-22-20-00, 0.001590
2016-10-22-21-00, 0.001589
2016-10-22-22-00, 0.001593
2016-10-22-23-00, 0.001600
2016-10-23-00-00, 0.001592
2016-10-23-01-00, 0.001583
2016-10-23-02-00, 0.001572
2016-10-23-03-00, 0.001564
2016-10-23-04-00, 0.001576
2016-10-23-05-00, 0.001576
2016-10-23-06-00, 0.001580
2016-10-23-07-00, 0.001570
2016-10-23-08-00, 0.001570
2016-10-23-09-00, 0.001564
2016-10-23-10-00, 0.001570
2016-10-23-11-00, 0.001571
2016-10-23-12-00, 0.001575
2016-10-23-13-00, 0.001583
2016-10-23-14-00, 0.001587
2016-10-23-15-00, 0.001583
2016-10-23-16-00, 0.001597
2016-10-23-17-00, 0.001606
2016-10-23-18-00, 0.001598
2016-10-23-19-00, 0.001597
2016-10-23-20-00, 0.001597
2016-10-23-21-00, 0.001590
2016-10-23-22-00, 0.001590
2016-10-23-23-00, 0.001590
2016-10-24-00-00, 0.001590
2016-10-24-01-00, 0.001607
2016-10-24-02-00, 0.001605
2016-10-24-03-00, 0.001590
2016-10-24-04-00, 0.001592
2016-10-24-05-00, 0.001590
2016-10-24-06-00, 0.001590
2016-10-24-07-00, 0.001590
2016-10-24-08-00, 0.001590
2016-10-24-09-00, 0.001590
2016-10-24-10-00, 0.001595
2016-10-24-11-00, 0.001591
2016-10-24-12-00, 0.001595
2016-10-24-13-00, 0.001590
2016-10-24-14-00, 0.001585
2016-10-24-15-00, 0.001574
2016-10-24-16-00, 0.001571
2016-10-24-17-00, 0.001570
2016-10-24-18-00, 0.001570
2016-10-24-19-00, 0.001570
2016-10-24-20-00, 0.001575
2016-10-24-21-00, 0.001570
2016-10-24-22-00, 0.001570
2016-10-24-23-00, 0.001574
2016-10-25-00-00, 0.001575
2016-10-25-01-00, 0.001584
2016-10-25-02-00, 0.001575
2016-10-25-03-00, 0.001578
2016-10-25-04-00, 0.001578
2016-10-25-05-00, 0.001555
2016-10-25-06-00, 0.001540
2016-10-25-07-00, 0.001547
2016-10-25-08-00, 0.001542
2016-10-25-09-00, 0.001545
2016-10-25-10-00, 0.001546
2016-10-25-11-00, 0.001537
2016-10-25-12-00, 0.001540
2016-10-25-13-00, 0.001535
2016-10-25-14-00, 0.001530
2016-10-25-15-00, 0.001532
2016-10-25-16-00, 0.001530
2016-10-25-17-00, 0.001544
2016-10-25-18-00, 0.001566
2016-10-25-19-00, 0.001550
2016-10-25-20-00, 0.001561
2016-10-25-21-00, 0.001553
2016-10-25-22-00, 0.001552
2016-10-25-23-00, 0.001550
2016-10-26-00-00, 0.001550
2016-10-26-01-00, 0.001550
2016-10-26-02-00, 0.001540
2016-10-26-03-00, 0.001535
2016-10-26-04-00, 0.001539
2016-10-26-05-00, 0.001534
2016-10-26-06-00, 0.001540
2016-10-26-07-00, 0.001543
2016-10-26-08-00, 0.001540
2016-10-26-09-00, 0.001540
2016-10-26-10-00, 0.001535
2016-10-26-11-00, 0.001535
2016-10-26-12-00, 0.001533
2016-10-26-13-00, 0.001532
2016-10-26-14-00, 0.001531
2016-10-26-15-00, 0.001531
2016-10-26-16-00, 0.001531
2016-10-26-17-00, 0.001535
2016-10-26-18-00, 0.001530
2016-10-26-19-00, 0.001521
2016-10-26-20-00, 0.001523
2016-10-26-21-00, 0.001520
2016-10-26-22-00, 0.001515
2016-10-26-23-00, 0.001521
2016-10-27-00-00, 0.001521
2016-10-27-01-00, 0.001520
2016-10-27-02-00, 0.001520
2016-10-27-03-00, 0.001516
2016-10-27-04-00, 0.001496
2016-10-27-05-00, 0.001501
2016-10-27-06-00, 0.001500
2016-10-27-07-00, 0.001493
2016-10-27-08-00, 0.001500
2016-10-27-09-00, 0.001484
2016-10-27-10-00, 0.001480
2016-10-27-11-00, 0.001470
2016-10-27-12-00, 0.001465
2016-10-27-13-00, 0.001487
2016-10-27-14-00, 0.001488
2016-10-27-15-00, 0.001490
2016-10-27-16-00, 0.001485
2016-10-27-17-00, 0.001480
2016-10-27-18-00, 0.001480
2016-10-27-19-00, 0.001477
2016-10-27-20-00, 0.001470
2016-10-27-21-00, 0.001445
2016-10-27-22-00, 0.001451
2016-10-27-23-00, 0.001445
2016-10-28-00-00, 0.001447
2016-10-28-01-00, 0.001446
2016-10-28-02-00, 0.001446
2016-10-28-03-00, 0.001445
2016-10-28-04-00, 0.001463
2016-10-28-05-00, 0.001443
2016-10-28-06-00, 0.001440
2016-10-28-07-00, 0.001450
2016-10-28-08-00, 0.001439
2016-10-28-09-00, 0.001429
2016-10-28-10-00, 0.001420
2016-10-28-11-00, 0.001423
2016-10-28-12-00, 0.001415
2016-10-28-13-00, 0.001410
2016-10-28-14-00, 0.001400
2016-10-28-15-00, 0.001397
2016-10-28-16-00, 0.001396
2016-10-28-17-00, 0.001395
2016-10-28-18-00, 0.001391
2016-10-28-19-00, 0.001380
2016-10-28-20-00, 0.001375
2016-10-28-21-00, 0.001370
2016-10-28-22-00, 0.001380
2016-10-28-23-00, 0.001375
2016-10-29-00-00, 0.001361
2016-10-29-01-00, 0.001381
2016-10-29-02-00, 0.001375
2016-10-29-03-00, 0.001374
2016-10-29-04-00, 0.001377
2016-10-29-05-00, 0.001370
2016-10-29-06-00, 0.001370
2016-10-29-07-00, 0.001365
2016-10-29-08-00, 0.001365
2016-10-29-09-00, 0.001367
2016-10-29-10-00, 0.001355
2016-10-29-11-00, 0.001331
2016-10-29-12-00, 0.001338
2016-10-29-13-00, 0.001308
2016-10-29-14-00, 0.001250
2016-10-29-15-00, 0.001250
2016-10-29-16-00, 0.001324
2016-10-29-17-00, 0.001325
2016-10-29-18-00, 0.001286
2016-10-29-19-00, 0.001290
2016-10-29-20-00, 0.001261
2016-10-29-21-00, 0.001257
2016-10-29-22-00, 0.001250
2016-10-29-23-00, 0.001267
2016-10-30-00-00, 0.001241
2016-10-30-01-00, 0.001258
2016-10-30-02-00, 0.001329
2016-10-30-03-00, 0.001300
2016-10-30-04-00, 0.001296
2016-10-30-05-00, 0.001257
2016-10-30-06-00, 0.001258
2016-10-30-07-00, 0.001268
2016-10-30-08-00, 0.001275
2016-10-30-09-00, 0.001248
2016-10-30-10-00, 0.001255
2016-10-30-11-00, 0.001275
2016-10-30-12-00, 0.001271
2016-10-30-13-00, 0.001292
2016-10-30-14-00, 0.001323
2016-10-30-15-00, 0.001326
2016-10-30-16-00, 0.001299
2016-10-30-17-00, 0.001306
2016-10-30-18-00, 0.001301
2016-10-30-19-00, 0.001305
2016-10-30-20-00, 0.001302
2016-10-30-21-00, 0.001325
2016-10-30-22-00, 0.001306
2016-10-30-23-00, 0.001323
2016-10-31-00-00, 0.001324
2016-10-31-01-00, 0.001314
2016-10-31-02-00, 0.001335
2016-10-31-03-00, 0.001318
2016-10-31-04-00, 0.001314
2016-10-31-05-00, 0.001318
2016-10-31-06-00, 0.001311
2016-10-31-07-00, 0.001300
2016-10-31-08-00, 0.001304
2016-10-31-09-00, 0.001301
2016-10-31-10-00, 0.001302
2016-10-31-11-00, 0.001305
2016-10-31-12-00, 0.001296
2016-10-31-13-00, 0.001295
2016-10-31-14-00, 0.001291
2016-10-31-15-00, 0.001280
2016-10-31-16-00, 0.001261
2016-10-31-17-00, 0.001277
2016-10-31-18-00, 0.001291
2016-10-31-19-00, 0.001289
2016-10-31-20-00, 0.001281
2016-10-31-21-00, 0.001274
2016-10-31-22-00, 0.001277
2016-10-31-23-00, 0.001283
2016-11-01-00-00, 0.001285
2016-11-01-01-00, 0.001285
2016-11-01-02-00, 0.001265
2016-11-01-03-00, 0.001257
2016-11-01-04-00, 0.001251
2016-11-01-05-00, 0.001245
2016-11-01-06-00, 0.001245
2016-11-01-07-00, 0.001240
2016-11-01-08-00, 0.001224
2016-11-01-09-00, 0.001211
2016-11-01-10-00, 0.001206
2016-11-01-11-00, 0.001200
2016-11-01-12-00, 0.001190
2016-11-01-13-00, 0.001189
2016-11-01-14-00, 0.001203
2016-11-01-15-00, 0.001223
2016-11-01-16-00, 0.001228
2016-11-01-17-00, 0.001218
2016-11-01-18-00, 0.001208
2016-11-01-19-00, 0.001206
2016-11-01-20-00, 0.001202
2016-11-01-21-00, 0.001207
2016-11-01-22-00, 0.001200
2016-11-01-23-00, 0.001217
2016-11-02-00-00, 0.001213
2016-11-02-01-00, 0.001208
2016-11-02-02-00, 0.001216
2016-11-02-03-00, 0.001219
2016-11-02-04-00, 0.001217
2016-11-02-05-00, 0.001211
2016-11-02-06-00, 0.001209
2016-11-02-07-00, 0.001205
2016-11-02-08-00, 0.001210
2016-11-02-09-00, 0.001215
2016-11-02-10-00, 0.001208
2016-11-02-11-00, 0.001212
2016-11-02-12-00, 0.001211
2016-11-02-13-00, 0.001221
2016-11-02-14-00, 0.001230
2016-11-02-15-00, 0.001230
2016-11-02-16-00, 0.001233
2016-11-02-17-00, 0.001230
2016-11-02-18-00, 0.001220
2016-11-02-19-00, 0.001220
2016-11-02-20-00, 0.001220
2016-11-02-21-00, 0.001215
2016-11-02-22-00, 0.001205
2016-11-02-23-00, 0.001200
2016-11-03-00-00, 0.001197
2016-11-03-01-00, 0.001191
2016-11-03-02-00, 0.001198
2016-11-03-03-00, 0.001196
2016-11-03-04-00, 0.001200
2016-11-03-05-00, 0.001202
2016-11-03-06-00, 0.001190
2016-11-03-07-00, 0.001196
2016-11-03-08-00, 0.001210
2016-11-03-09-00, 0.001210
2016-11-03-10-00, 0.001211
2016-11-03-11-00, 0.001210
2016-11-03-12-00, 0.001202
2016-11-03-13-00, 0.001200
2016-11-03-14-00, 0.001223
2016-11-03-15-00, 0.001210
2016-11-03-16-00, 0.001242
2016-11-03-17-00, 0.001268
2016-11-03-18-00, 0.001280
2016-11-03-19-00, 0.001309
2016-11-03-20-00, 0.001266
2016-11-03-21-00, 0.001289
2016-11-03-22-00, 0.001300
2016-11-03-23-00, 0.001312
2016-11-04-00-00, 0.001297
2016-11-04-01-00, 0.001299
2016-11-04-02-00, 0.001301
2016-11-04-03-00, 0.001300
2016-11-04-04-00, 0.001297
2016-11-04-05-00, 0.001290
2016-11-04-06-00, 0.001278
2016-11-04-07-00, 0.001296
2016-11-04-08-00, 0.001290
2016-11-04-09-00, 0.001278
2016-11-04-10-00, 0.001276
2016-11-04-11-00, 0.001266
2016-11-04-12-00, 0.001268
2016-11-04-13-00, 0.001281
2016-11-04-14-00, 0.001275
2016-11-04-15-00, 0.001288
2016-11-04-16-00, 0.001321
2016-11-04-17-00, 0.001328
2016-11-04-18-00, 0.001361
2016-11-04-19-00, 0.001385
2016-11-04-20-00, 0.001347
2016-11-04-21-00, 0.001363
2016-11-04-22-00, 0.001427
2016-11-04-23-00, 0.001386
2016-11-05-00-00, 0.001377
2016-11-05-01-00, 0.001369
2016-11-05-02-00, 0.001371
2016-11-05-03-00, 0.001385
2016-11-05-04-00, 0.001380
2016-11-05-05-00, 0.001383
2016-11-05-06-00, 0.001383
2016-11-05-07-00, 0.001390
2016-11-05-08-00, 0.001397
2016-11-05-09-00, 0.001379
2016-11-05-10-00, 0.001377
2016-11-05-11-00, 0.001380
2016-11-05-12-00, 0.001394
2016-11-05-13-00, 0.001460
2016-11-05-14-00, 0.001498
2016-11-05-15-00, 0.001467
2016-11-05-16-00, 0.001478
2016-11-05-17-00, 0.001440
2016-11-05-18-00, 0.001441
2016-11-05-19-00, 0.001481
2016-11-05-20-00, 0.001472
2016-11-05-21-00, 0.001475
2016-11-05-22-00, 0.001493
2016-11-05-23-00, 0.001488
2016-11-06-00-00, 0.001478
2016-11-06-01-00, 0.001451
2016-11-06-02-00, 0.001449
2016-11-06-03-00, 0.001436
2016-11-06-04-00, 0.001399
2016-11-06-05-00, 0.001377
2016-11-06-06-00, 0.001388
2016-11-06-07-00, 0.001388
2016-11-06-08-00, 0.001410
2016-11-06-09-00, 0.001408
2016-11-06-10-00, 0.001378
2016-11-06-11-00, 0.001386
2016-11-06-12-00, 0.001415
2016-11-06-13-00, 0.001404
2016-11-06-14-00, 0.001410
2016-11-06-15-00, 0.001427
2016-11-06-16-00, 0.001396
2016-11-06-17-00, 0.001405
2016-11-06-18-00, 0.001404
2016-11-06-19-00, 0.001416
2016-11-06-20-00, 0.001393
2016-11-06-21-00, 0.001384
2016-11-06-22-00, 0.001388
2016-11-06-23-00, 0.001389
2016-11-07-00-00, 0.001381
2016-11-07-01-00, 0.001392
2016-11-07-02-00, 0.001397
2016-11-07-03-00, 0.001373
2016-11-07-04-00, 0.001362
2016-11-07-05-00, 0.001373
2016-11-07-06-00, 0.001376
2016-11-07-07-00, 0.001374
2016-11-07-08-00, 0.001373
2016-11-07-09-00, 0.001380
2016-11-07-10-00, 0.001384
2016-11-07-11-00, 0.001384
2016-11-07-12-00, 0.001393
2016-11-07-13-00, 0.001415
2016-11-07-14-00, 0.001430
2016-11-07-15-00, 0.001420
2016-11-07-16-00, 0.001397
2016-11-07-17-00, 0.001391
2016-11-07-18-00, 0.001379
2016-11-07-19-00, 0.001378
2016-11-07-20-00, 0.001375
2016-11-07-21-00, 0.001360
2016-11-07-22-00, 0.001362
2016-11-07-23-00, 0.000000
2016-11-08-00-00, 0.001317
2016-11-08-01-00, 0.001332
2016-11-08-02-00, 0.001322
2016-11-08-03-00, 0.001321
2016-11-08-04-00, 0.001335
2016-11-08-05-00, 0.001341
2016-11-08-06-00, 0.001335
2016-11-08-07-00, 0.001328
2016-11-08-08-00, 0.001316
2016-11-08-09-00, 0.001323
2016-11-08-10-00, 0.001329
2016-11-08-11-00, 0.001327
2016-11-08-12-00, 0.001320
2016-11-08-13-00, 0.001315
2016-11-08-14-00, 0.001310
2016-11-08-15-00, 0.001300
2016-11-08-16-00, 0.001300
2016-11-08-17-00, 0.001300
2016-11-08-18-00, 0.001316
2016-11-08-19-00, 0.001305
2016-11-08-20-00, 0.001312
2016-11-08-21-00, 0.001308
2016-11-08-22-00, 0.001308
2016-11-08-23-00, 0.001308
2016-11-09-00-00, 0.001330
2016-11-09-01-00, 0.001306
2016-11-09-02-00, 0.001306
2016-11-09-03-00, 0.001304
2016-11-09-04-00, 0.001266
2016-11-09-05-00, 0.001260
2016-11-09-06-00, 0.001250
2016-11-09-07-00, 0.001251
2016-11-09-08-00, 0.001247
2016-11-09-09-00, 0.001237
2016-11-09-10-00, 0.001237
2016-11-09-11-00, 0.001240
2016-11-09-12-00, 0.001250
2016-11-09-13-00, 0.001265
2016-11-09-14-00, 0.001274
2016-11-09-15-00, 0.001269
2016-11-09-16-00, 0.001283
2016-11-09-17-00, 0.001277
2016-11-09-18-00, 0.001260
2016-11-09-19-00, 0.001262
2016-11-09-20-00, 0.001276
2016-11-09-21-00, 0.001266
2016-11-09-22-00, 0.001265
2016-11-09-23-00, 0.001262
2016-11-10-00-00, 0.001263
2016-11-10-01-00, 0.001253
2016-11-10-02-00, 0.001246
2016-11-10-03-00, 0.001262
2016-11-10-04-00, 0.001254
2016-11-10-05-00, 0.001269
2016-11-10-06-00, 0.001278
2016-11-10-07-00, 0.001302
2016-11-10-08-00, 0.001290
2016-11-10-09-00, 0.001290
2016-11-10-10-00, 0.001294
2016-11-10-11-00, 0.001321
2016-11-10-12-00, 0.001314
2016-11-10-13-00, 0.001311
2016-11-10-14-00, 0.001303
2016-11-10-15-00, 0.001307
2016-11-10-16-00, 0.001308
2016-11-10-17-00, 0.001298
2016-11-10-18-00, 0.001291
2016-11-10-19-00, 0.001298
2016-11-10-20-00, 0.001320
2016-11-10-21-00, 0.001315
2016-11-10-22-00, 0.001292
2016-11-10-23-00, 0.001293
2016-11-11-00-00, 0.001289
2016-11-11-01-00, 0.001288
2016-11-11-02-00, 0.001288
2016-11-11-03-00, 0.001305
2016-11-11-04-00, 0.001308
2016-11-11-05-00, 0.001309
2016-11-11-06-00, 0.001301
2016-11-11-07-00, 0.001284
2016-11-11-08-00, 0.001282
2016-11-11-09-00, 0.001285
2016-11-11-10-00, 0.001280
2016-11-11-11-00, 0.001280
2016-11-11-12-00, 0.001250
2016-11-11-13-00, 0.001260
2016-11-11-14-00, 0.001264
2016-11-11-15-00, 0.001267
2016-11-11-16-00, 0.001273
2016-11-11-17-00, 0.001270
2016-11-11-18-00, 0.001268
2016-11-11-19-00, 0.001278
2016-11-11-20-00, 0.001276
2016-11-11-21-00, 0.001273
2016-11-11-22-00, 0.001295
2016-11-11-23-00, 0.001282
2016-11-12-00-00, 0.001280
2016-11-12-01-00, 0.001291
2016-11-12-02-00, 0.001298
2016-11-12-03-00, 0.001296
2016-11-12-04-00, 0.001291
2016-11-12-05-00, 0.001291
2016-11-12-06-00, 0.001296
2016-11-12-07-00, 0.001299
2016-11-12-08-00, 0.001302
2016-11-12-09-00, 0.001299
2016-11-12-10-00, 0.001295
2016-11-12-11-00, 0.001350
2016-11-12-12-00, 0.001316
2016-11-12-13-00, 0.001310
2016-11-12-14-00, 0.001307
2016-11-12-15-00, 0.001313
2016-11-12-16-00, 0.001323
2016-11-12-17-00, 0.001314
2016-11-12-18-00, 0.001311
2016-11-12-19-00, 0.001302
2016-11-12-20-00, 0.001300
2016-11-12-21-00, 0.001302
2016-11-12-22-00, 0.001307
2016-11-12-23-00, 0.001311
2016-11-13-00-00, 0.001293
2016-11-13-01-00, 0.001300
2016-11-13-02-00, 0.001307
2016-11-13-03-00, 0.001302
2016-11-13-04-00, 0.001300
2016-11-13-05-00, 0.001304
2016-11-13-06-00, 0.001307
2016-11-13-07-00, 0.001313
2016-11-13-08-00, 0.001306
2016-11-13-09-00, 0.001305
2016-11-13-10-00, 0.001305
2016-11-13-11-00, 0.001300
2016-11-13-12-00, 0.001313
2016-11-13-13-00, 0.001308
2016-11-13-14-00, 0.001324
2016-11-13-15-00, 0.001336
2016-11-13-16-00, 0.001300
2016-11-13-17-00, 0.001298
2016-11-13-18-00, 0.001290
2016-11-13-19-00, 0.001296
2016-11-13-20-00, 0.001291
2016-11-13-21-00, 0.001293
2016-11-13-22-00, 0.001296
2016-11-13-23-00, 0.001293
2016-11-14-00-00, 0.001287
2016-11-14-01-00, 0.001287
2016-11-14-02-00, 0.001288
2016-11-14-03-00, 0.001280
2016-11-14-04-00, 0.001280
2016-11-14-05-00, 0.001290
2016-11-14-06-00, 0.001285
2016-11-14-07-00, 0.001284
2016-11-14-08-00, 0.001284
2016-11-14-09-00, 0.001285
2016-11-14-10-00, 0.001284
2016-11-14-11-00, 0.001284
2016-11-14-12-00, 0.001280
2016-11-14-13-00, 0.001278
2016-11-14-14-00, 0.001278
2016-11-14-15-00, 0.001268
2016-11-14-16-00, 0.001267
2016-11-14-17-00, 0.001274
2016-11-14-18-00, 0.001268
2016-11-14-19-00, 0.001273
2016-11-14-20-00, 0.001267
2016-11-14-21-00, 0.001264
2016-11-14-22-00, 0.001257
2016-11-14-23-00, 0.001264
2016-11-15-00-00, 0.001264
2016-11-15-01-00, 0.001259
2016-11-15-02-00, 0.001257
2016-11-15-03-00, 0.001248
2016-11-15-04-00, 0.001274
2016-11-15-05-00, 0.001274
2016-11-15-06-00, 0.001273
2016-11-15-07-00, 0.001273
2016-11-15-08-00, 0.001280
2016-11-15-09-00, 0.001267
2016-11-15-10-00, 0.001265
2016-11-15-11-00, 0.001266
2016-11-15-12-00, 0.001271
2016-11-15-13-00, 0.001268
2016-11-15-14-00, 0.001270
2016-11-15-15-00, 0.001270
2016-11-15-16-00, 0.001266
2016-11-15-17-00, 0.001291
2016-11-15-18-00, 0.001288
2016-11-15-19-00, 0.001295
2016-11-15-20-00, 0.001299
2016-11-15-21-00, 0.001295
2016-11-15-22-00, 0.001305
2016-11-15-23-00, 0.001305
2016-11-16-00-00, 0.001302
2016-11-16-01-00, 0.001300
2016-11-16-02-00, 0.001295
2016-11-16-03-00, 0.001290
2016-11-16-04-00, 0.001296
2016-11-16-05-00, 0.001300
2016-11-16-06-00, 0.001290
2016-11-16-07-00, 0.001285
2016-11-16-08-00, 0.001285
2016-11-16-09-00, 0.001282
2016-11-16-10-00, 0.001280
2016-11-16-11-00, 0.001278
2016-11-16-12-00, 0.001276
2016-11-16-13-00, 0.001245
2016-11-16-14-00, 0.001247
2016-11-16-15-00, 0.001239
2016-11-16-16-00, 0.001247
2016-11-16-17-00, 0.001247
2016-11-16-18-00, 0.001240
2016-11-16-19-00, 0.001235
2016-11-16-20-00, 0.001239
2016-11-16-21-00, 0.001244
2016-11-16-22-00, 0.001224
2016-11-16-23-00, 0.001230
2016-11-17-00-00, 0.001221
2016-11-17-01-00, 0.001219
2016-11-17-02-00, 0.001218
2016-11-17-03-00, 0.001210
2016-11-17-04-00, 0.001210
2016-11-17-05-00, 0.001205
2016-11-17-06-00, 0.001207
2016-11-17-07-00, 0.001206
2016-11-17-08-00, 0.001200
2016-11-17-09-00, 0.001201
2016-11-17-10-00, 0.001200
2016-11-17-11-00, 0.001202
2016-11-17-12-00, 0.001226
2016-11-17-13-00, 0.001206
2016-11-17-14-00, 0.001210
2016-11-17-15-00, 0.001210
2016-11-17-16-00, 0.001200
2016-11-17-17-00, 0.001197
2016-11-17-18-00, 0.001197
2016-11-17-19-00, 0.001197
2016-11-17-20-00, 0.001198
2016-11-17-21-00, 0.001200
2016-11-17-22-00, 0.001197
2016-11-17-23-00, 0.001203
2016-11-18-00-00, 0.001205
2016-11-18-01-00, 0.001207
2016-11-18-02-00, 0.001213
2016-11-18-03-00, 0.001218
2016-11-18-04-00, 0.001214
2016-11-18-05-00, 0.001207
2016-11-18-06-00, 0.001210
2016-11-18-07-00, 0.001208
2016-11-18-08-00, 0.001195
2016-11-18-09-00, 0.001190
2016-11-18-10-00, 0.001178
2016-11-18-11-00, 0.001178
2016-11-18-12-00, 0.001170
2016-11-18-13-00, 0.001172
2016-11-18-14-00, 0.001160
2016-11-18-15-00, 0.001160
2016-11-18-16-00, 0.001168
2016-11-18-17-00, 0.001175
2016-11-18-18-00, 0.001176
2016-11-18-19-00, 0.001179
2016-11-18-20-00, 0.001175
2016-11-18-21-00, 0.001170
2016-11-18-22-00, 0.001171
2016-11-18-23-00, 0.001163
2016-11-19-00-00, 0.001154
2016-11-19-01-00, 0.001151
2016-11-19-02-00, 0.001141
2016-11-19-03-00, 0.001147
2016-11-19-04-00, 0.001151
2016-11-19-05-00, 0.001151
2016-11-19-06-00, 0.001152
2016-11-19-07-00, 0.001153
2016-11-19-08-00, 0.001146
2016-11-19-09-00, 0.001159
2016-11-19-10-00, 0.001156
2016-11-19-11-00, 0.001153
2016-11-19-12-00, 0.001145
2016-11-19-13-00, 0.001149
2016-11-19-14-00, 0.001146
2016-11-19-15-00, 0.001146
2016-11-19-16-00, 0.001146
2016-11-19-17-00, 0.001140
2016-11-19-18-00, 0.001148
2016-11-19-19-00, 0.001143
2016-11-19-20-00, 0.001145
2016-11-19-21-00, 0.001145
2016-11-19-22-00, 0.001143
2016-11-19-23-00, 0.001144
2016-11-20-00-00, 0.001143
2016-11-20-01-00, 0.001143
2016-11-20-02-00, 0.001143
2016-11-20-03-00, 0.001143
2016-11-20-04-00, 0.001141
2016-11-20-05-00, 0.001150
2016-11-20-06-00, 0.001148
2016-11-20-07-00, 0.001143
2016-11-20-08-00, 0.001140
2016-11-20-09-00, 0.001140
2016-11-20-10-00, 0.001141
2016-11-20-11-00, 0.001143
2016-11-20-12-00, 0.001142
2016-11-20-13-00, 0.001145
2016-11-20-14-00, 0.001175
2016-11-20-15-00, 0.001185
2016-11-20-16-00, 0.001197
2016-11-20-17-00, 0.001187
2016-11-20-18-00, 0.001193
2016-11-20-19-00, 0.001203
2016-11-20-20-00, 0.001175
2016-11-20-21-00, 0.001178
2016-11-20-22-00, 0.001184
2016-11-20-23-00, 0.001169
2016-11-21-00-00, 0.001170
2016-11-21-01-00, 0.001173
2016-11-21-02-00, 0.001166
2016-11-21-03-00, 0.001166
2016-11-21-04-00, 0.001173
2016-11-21-05-00, 0.001176
2016-11-21-06-00, 0.001166
2016-11-21-07-00, 0.001170
2016-11-21-08-00, 0.001165
2016-11-21-09-00, 0.001165
2016-11-21-10-00, 0.001158
2016-11-21-11-00, 0.001148
2016-11-21-12-00, 0.001154
2016-11-21-13-00, 0.001157
2016-11-21-14-00, 0.001149
2016-11-21-15-00, 0.001148
2016-11-21-16-00, 0.001158
2016-11-21-17-00, 0.001156
2016-11-21-18-00, 0.001147
2016-11-21-19-00, 0.001146
2016-11-21-20-00, 0.001142
2016-11-21-21-00, 0.001142
2016-11-21-22-00, 0.001147
2016-11-21-23-00, 0.001147
2016-11-22-00-00, 0.001146
2016-11-22-01-00, 0.001147
2016-11-22-02-00, 0.001146
2016-11-22-03-00, 0.001143
2016-11-22-04-00, 0.001140
2016-11-22-05-00, 0.001135
2016-11-22-06-00, 0.001137
2016-11-22-07-00, 0.001141
2016-11-22-08-00, 0.001150
2016-11-22-09-00, 0.001150
2016-11-22-10-00, 0.001160
2016-11-22-11-00, 0.001156
2016-11-22-12-00, 0.001156
2016-11-22-13-00, 0.001159
2016-11-22-14-00, 0.001150
2016-11-22-15-00, 0.001133
2016-11-22-16-00, 0.001130
2016-11-22-17-00, 0.001128
2016-11-22-18-00, 0.001125
2016-11-22-19-00, 0.001120
2016-11-22-20-00, 0.001120
2016-11-22-21-00, 0.001120
2016-11-22-22-00, 0.001120
2016-11-22-23-00, 0.001118
2016-11-23-00-00, 0.001110
2016-11-23-01-00, 0.001119
2016-11-23-02-00, 0.001110
2016-11-23-03-00, 0.001110
2016-11-23-04-00, 0.001127
2016-11-23-05-00, 0.001135
2016-11-23-06-00, 0.001131
2016-11-23-07-00, 0.001128
2016-11-23-08-00, 0.001123
2016-11-23-09-00, 0.001135
2016-11-23-10-00, 0.001137
2016-11-23-11-00, 0.001148
2016-11-23-12-00, 0.001133
2016-11-23-13-00, 0.001130
2016-11-23-14-00, 0.001104
2016-11-23-15-00, 0.001132
2016-11-23-16-00, 0.001142
2016-11-23-17-00, 0.001130
2016-11-23-18-00, 0.001122
2016-11-23-19-00, 0.001120
2016-11-23-20-00, 0.001100
2016-11-23-21-00, 0.001090
2016-11-23-22-00, 0.001092
2016-11-23-23-00, 0.001090
2016-11-24-00-00, 0.001095
2016-11-24-01-00, 0.001093
2016-11-24-02-00, 0.001096
2016-11-24-03-00, 0.001093
2016-11-24-04-00, 0.001089
2016-11-24-05-00, 0.001092
2016-11-24-06-00, 0.001092
2016-11-24-07-00, 0.001095
2016-11-24-08-00, 0.001089
2016-11-24-09-00, 0.001078
2016-11-24-10-00, 0.001079
2016-11-24-11-00, 0.001090
2016-11-24-12-00, 0.001091
2016-11-24-13-00, 0.001080
2016-11-24-14-00, 0.001079
2016-11-24-15-00, 0.001075
2016-11-24-16-00, 0.001002
2016-11-24-17-00, 0.001030
2016-11-24-18-00, 0.001011
2016-11-24-19-00, 0.001009
2016-11-24-20-00, 0.001022
2016-11-24-21-00, 0.001019
2016-11-24-22-00, 0.001035
2016-11-24-23-00, 0.001039
2016-11-25-00-00, 0.001040
2016-11-25-01-00, 0.001036
2016-11-25-02-00, 0.001036
2016-11-25-03-00, 0.001041
2016-11-25-04-00, 0.001054
2016-11-25-05-00, 0.001051
2016-11-25-06-00, 0.001046
2016-11-25-07-00, 0.001039
2016-11-25-08-00, 0.001046
2016-11-25-09-00, 0.001052
2016-11-25-10-00, 0.001047
2016-11-25-11-00, 0.001042
2016-11-25-12-00, 0.001045
2016-11-25-13-00, 0.001053
2016-11-25-14-00, 0.001087
2016-11-25-15-00, 0.001093
2016-11-25-16-00, 0.001119
2016-11-25-17-00, 0.001156
2016-11-25-18-00, 0.001131
2016-11-25-19-00, 0.001100
2016-11-25-20-00, 0.001139
2016-11-25-21-00, 0.001154
2016-11-25-22-00, 0.001113
2016-11-25-23-00, 0.001086
2016-11-26-00-00, 0.001131
2016-11-26-01-00, 0.001104
2016-11-26-02-00, 0.001113
2016-11-26-03-00, 0.001124
2016-11-26-04-00, 0.001126
2016-11-26-05-00, 0.001122
2016-11-26-06-00, 0.001127
2016-11-26-07-00, 0.001118
2016-11-26-08-00, 0.001110
2016-11-26-09-00, 0.001085
2016-11-26-10-00, 0.001082
2016-11-26-11-00, 0.001105
2016-11-26-12-00, 0.001098
2016-11-26-13-00, 0.001085
2016-11-26-14-00, 0.001076
2016-11-26-15-00, 0.001071
2016-11-26-16-00, 0.001098
2016-11-26-17-00, 0.001088
2016-11-26-18-00, 0.001087
2016-11-26-19-00, 0.001080
2016-11-26-20-00, 0.001078
2016-11-26-21-00, 0.001083
2016-11-26-22-00, 0.001076
2016-11-26-23-00, 0.001066
2016-11-27-00-00, 0.001066
2016-11-27-01-00, 0.001063
2016-11-27-02-00, 0.001071
2016-11-27-03-00, 0.001076
2016-11-27-04-00, 0.001091
2016-11-27-05-00, 0.001091
2016-11-27-06-00, 0.001087
2016-11-27-07-00, 0.001085
2016-11-27-08-00, 0.001083
2016-11-27-09-00, 0.001081
2016-11-27-10-00, 0.001082
2016-11-27-11-00, 0.001084
2016-11-27-12-00, 0.001080
2016-11-27-13-00, 0.001076
2016-11-27-14-00, 0.001078
2016-11-27-15-00, 0.001061
2016-11-27-16-00, 0.001070
2016-11-27-17-00, 0.001062
2016-11-27-18-00, 0.001064
2016-11-27-19-00, 0.001058
2016-11-27-20-00, 0.001054
2016-11-27-21-00, 0.001049
2016-11-27-22-00, 0.001052
2016-11-27-23-00, 0.001056
2016-11-28-00-00, 0.001065
2016-11-28-01-00, 0.001060
2016-11-28-02-00, 0.001058
2016-11-28-03-00, 0.001056
2016-11-28-04-00, 0.001064
2016-11-28-05-00, 0.001066
2016-11-28-06-00, 0.001066
2016-11-28-07-00, 0.001060
2016-11-28-08-00, 0.001050
2016-11-28-09-00, 0.001043
2016-11-28-10-00, 0.001044
2016-11-28-11-00, 0.001041
2016-11-28-12-00, 0.001042
2016-11-28-13-00, 0.001040
2016-11-28-14-00, 0.001047
2016-11-28-15-00, 0.001031
2016-11-28-16-00, 0.001041
2016-11-28-17-00, 0.001040
2016-11-28-18-00, 0.001040
2016-11-28-19-00, 0.001031
2016-11-28-20-00, 0.001038
2016-11-28-21-00, 0.001031
2016-11-28-22-00, 0.001031
2016-11-28-23-00, 0.001031
2016-11-29-00-00, 0.001031
2016-11-29-01-00, 0.001031
2016-11-29-02-00, 0.001030
2016-11-29-03-00, 0.001025
2016-11-29-04-00, 0.001015
2016-11-29-05-00, 0.001010
2016-11-29-06-00, 0.001010
2016-11-29-07-00, 0.001010
2016-11-29-08-00, 0.001004
2016-11-29-09-00, 0.000991
2016-11-29-10-00, 0.000990
2016-11-29-11-00, 0.000988
2016-11-29-12-00, 0.000988
2016-11-29-13-00, 0.000995
2016-11-29-14-00, 0.001009
2016-11-29-15-00, 0.001010
2016-11-29-16-00, 0.001010
2016-11-29-17-00, 0.001010
2016-11-29-18-00, 0.001013
2016-11-29-19-00, 0.001014
2016-11-29-20-00, 0.001053
2016-11-29-21-00, 0.001020
2016-11-29-22-00, 0.001020
2016-11-29-23-00, 0.001021
2016-11-30-00-00, 0.001017
2016-11-30-01-00, 0.001023
2016-11-30-02-00, 0.001023
2016-11-30-03-00, 0.001029
2016-11-30-04-00, 0.001034
2016-11-30-05-00, 0.001020
2016-11-30-06-00, 0.001020
2016-11-30-07-00, 0.001024
2016-11-30-08-00, 0.001023
2016-11-30-09-00, 0.001013
2016-11-30-10-00, 0.001003
2016-11-30-11-00, 0.001008
2016-11-30-12-00, 0.001003
2016-11-30-13-00, 0.001001
2016-11-30-14-00, 0.001006
2016-11-30-15-00, 0.001006
2016-11-30-16-00, 0.001001
2016-11-30-17-00, 0.001001
2016-11-30-18-00, 0.001007
2016-11-30-19-00, 0.001000
2016-11-30-20-00, 0.001006
2016-11-30-21-00, 0.000997
2016-11-30-22-00, 0.001001
2016-11-30-23-00, 0.001006
2016-12-01-00-00, 0.001000
2016-12-01-01-00, 0.001002
2016-12-01-02-00, 0.001014
2016-12-01-03-00, 0.001011
2016-12-01-04-00, 0.001012
2016-12-01-05-00, 0.001018
2016-12-01-06-00, 0.001010
2016-12-01-07-00, 0.001013
2016-12-01-08-00, 0.001003
2016-12-01-09-00, 0.001004
2016-12-01-10-00, 0.001002
2016-12-01-11-00, 0.001008
2016-12-01-12-00, 0.001002
2016-12-01-13-00, 0.001002
2016-12-01-14-00, 0.001041
2016-12-01-15-00, 0.001019
2016-12-01-16-00, 0.001011
2016-12-01-17-00, 0.001020
2016-12-01-18-00, 0.001020
2016-12-01-19-00, 0.001019
2016-12-01-20-00, 0.001016
2016-12-01-21-00, 0.001013
2016-12-01-22-00, 0.001013
2016-12-01-23-00, 0.001012
2016-12-02-00-00, 0.001011
2016-12-02-01-00, 0.001011
2016-12-02-02-00, 0.000997
2016-12-02-03-00, 0.000997
2016-12-02-04-00, 0.000997
2016-12-02-05-00, 0.000997
2016-12-02-06-00, 0.000990
2016-12-02-07-00, 0.000989
2016-12-02-08-00, 0.000982
2016-12-02-09-00, 0.000980
2016-12-02-10-00, 0.000980
2016-12-02-11-00, 0.000977
2016-12-02-12-00, 0.000977
2016-12-02-13-00, 0.000975
2016-12-02-14-00, 0.000970
2016-12-02-15-00, 0.000965
2016-12-02-16-00, 0.000950
2016-12-02-17-00, 0.000976
2016-12-02-18-00, 0.000979
2016-12-02-19-00, 0.000990
2016-12-02-20-00, 0.000993
2016-12-02-21-00, 0.001025
2016-12-02-22-00, 0.001046
2016-12-02-23-00, 0.001026
2016-12-03-00-00, 0.001032
2016-12-03-01-00, 0.001021
2016-12-03-02-00, 0.001016
2016-12-03-03-00, 0.001001
2016-12-03-04-00, 0.001000
2016-12-03-05-00, 0.001010
2016-12-03-06-00, 0.001012
2016-12-03-07-00, 0.001015
2016-12-03-08-00, 0.001027
2016-12-03-09-00, 0.001013
2016-12-03-10-00, 0.001011
2016-12-03-11-00, 0.001010
2016-12-03-12-00, 0.001010
2016-12-03-13-00, 0.001003
2016-12-03-14-00, 0.001000
2016-12-03-15-00, 0.001004
2016-12-03-16-00, 0.001003
2016-12-03-17-00, 0.001010
2016-12-03-18-00, 0.001002
2016-12-03-19-00, 0.001006
2016-12-03-20-00, 0.001006
2016-12-03-21-00, 0.001003
2016-12-03-22-00, 0.001006
2016-12-03-23-00, 0.001002
2016-12-04-00-00, 0.001002
2016-12-04-01-00, 0.001012
2016-12-04-02-00, 0.001012
2016-12-04-03-00, 0.001020
2016-12-04-04-00, 0.001025
2016-12-04-05-00, 0.001010
2016-12-04-06-00, 0.001010
2016-12-04-07-00, 0.001015
2016-12-04-08-00, 0.001016
2016-12-04-09-00, 0.001015
2016-12-04-10-00, 0.001025
2016-12-04-11-00, 0.001020
2016-12-04-12-00, 0.001013
2016-12-04-13-00, 0.001007
2016-12-04-14-00, 0.001001
2016-12-04-15-00, 0.000990
2016-12-04-16-00, 0.000995
2016-12-04-17-00, 0.000990
2016-12-04-18-00, 0.000984
2016-12-04-19-00, 0.000983
2016-12-04-20-00, 0.000978
2016-12-04-21-00, 0.000993
2016-12-04-22-00, 0.000980
2016-12-04-23-00, 0.000989
2016-12-05-00-00, 0.000991
2016-12-05-01-00, 0.001020
2016-12-05-02-00, 0.001016
2016-12-05-03-00, 0.001018
2016-12-05-04-00, 0.001014
2016-12-05-05-00, 0.001021
2016-12-05-06-00, 0.001027
2016-12-05-07-00, 0.001016
2016-12-05-08-00, 0.001011
2016-12-05-09-00, 0.001016
2016-12-05-10-00, 0.001004
2016-12-05-11-00, 0.001007
2016-12-05-12-00, 0.001008
2016-12-05-13-00, 0.001011
2016-12-05-14-00, 0.001001
2016-12-05-15-00, 0.001000
2016-12-05-16-00, 0.001008
2016-12-05-17-00, 0.001035
2016-12-05-18-00, 0.001027
2016-12-05-19-00, 0.001055
2016-12-05-20-00, 0.001064
2016-12-05-21-00, 0.001055
2016-12-05-22-00, 0.001060
2016-12-05-23-00, 0.001050
2016-12-06-00-00, 0.001105
2016-12-06-01-00, 0.001106
2016-12-06-02-00, 0.001086
2016-12-06-03-00, 0.001084
2016-12-06-04-00, 0.001073
2016-12-06-05-00, 0.001048
2016-12-06-06-00, 0.001047
2016-12-06-07-00, 0.001031
2016-12-06-08-00, 0.001051
2016-12-06-09-00, 0.001025
2016-12-06-10-00, 0.001005
2016-12-06-11-00, 0.000998
2016-12-06-12-00, 0.000985
2016-12-06-13-00, 0.000981
2016-12-06-14-00, 0.001012
2016-12-06-15-00, 0.001001
2016-12-06-16-00, 0.000990
2016-12-06-17-00, 0.001001
2016-12-06-18-00, 0.001005
2016-12-06-19-00, 0.001003
2016-12-06-20-00, 0.001000
2016-12-06-21-00, 0.001000
2016-12-06-22-00, 0.001021
2016-12-06-23-00, 0.001015
2016-12-07-00-00, 0.001031
2016-12-07-01-00, 0.001022
2016-12-07-02-00, 0.001015
2016-12-07-03-00, 0.001010
2016-12-07-04-00, 0.001015
2016-12-07-05-00, 0.001024
2016-12-07-06-00, 0.001025
2016-12-07-07-00, 0.001038
2016-12-07-08-00, 0.001073
2016-12-07-09-00, 0.001079
2016-12-07-10-00, 0.001057
2016-12-07-11-00, 0.001037
2016-12-07-12-00, 0.001034
2016-12-07-13-00, 0.001039
2016-12-07-14-00, 0.001055
2016-12-07-15-00, 0.001044
2016-12-07-16-00, 0.001040
2016-12-07-17-00, 0.001062
2016-12-07-18-00, 0.001060
2016-12-07-19-00, 0.001065
2016-12-07-20-00, 0.001068
2016-12-07-21-00, 0.001083
2016-12-07-22-00, 0.001076
2016-12-07-23-00, 0.001077
2016-12-08-00-00, 0.001074
2016-12-08-01-00, 0.001070
2016-12-08-02-00, 0.001072
2016-12-08-03-00, 0.001074
2016-12-08-04-00, 0.001078
2016-12-08-05-00, 0.001068
2016-12-08-06-00, 0.001066
2016-12-08-07-00, 0.001068
2016-12-08-08-00, 0.001065
2016-12-08-09-00, 0.001065
2016-12-08-10-00, 0.001059
2016-12-08-11-00, 0.001047
2016-12-08-12-00, 0.001042
2016-12-08-13-00, 0.001045
2016-12-08-14-00, 0.001060
2016-12-08-15-00, 0.001066
2016-12-08-16-00, 0.001063
2016-12-08-17-00, 0.001059
2016-12-08-18-00, 0.001071
2016-12-08-19-00, 0.001072
2016-12-08-20-00, 0.001054
2016-12-08-21-00, 0.001053
2016-12-08-22-00, 0.001063
2016-12-08-23-00, 0.001062
2016-12-09-00-00, 0.001062
2016-12-09-01-00, 0.001052
2016-12-09-02-00, 0.001040
2016-12-09-03-00, 0.001041
2016-12-09-04-00, 0.001041
2016-12-09-05-00, 0.001046
2016-12-09-06-00, 0.001046
2016-12-09-07-00, 0.001042
2016-12-09-08-00, 0.001040
2016-12-09-09-00, 0.001035
2016-12-09-10-00, 0.001032
2016-12-09-11-00, 0.001042
2016-12-09-12-00, 0.001039
2016-12-09-13-00, 0.001044
2016-12-09-14-00, 0.001038
2016-12-09-15-00, 0.001049
2016-12-09-16-00, 0.001056
2016-12-09-17-00, 0.001062
2016-12-09-18-00, 0.001077
2016-12-09-19-00, 0.001076
2016-12-09-20-00, 0.001080
2016-12-09-21-00, 0.001076
2016-12-09-22-00, 0.001072
2016-12-09-23-00, 0.001062
2016-12-10-00-00, 0.001042
2016-12-10-01-00, 0.001048
2016-12-10-02-00, 0.001043
2016-12-10-03-00, 0.001038
2016-12-10-04-00, 0.001033
2016-12-10-05-00, 0.001038
2016-12-10-06-00, 0.001044
2016-12-10-07-00, 0.001065
2016-12-10-08-00, 0.001074
2016-12-10-09-00, 0.001061
2016-12-10-10-00, 0.001056
2016-12-10-11-00, 0.001059
2016-12-10-12-00, 0.001066
2016-12-10-13-00, 0.001105
2016-12-10-14-00, 0.001122
2016-12-10-15-00, 0.001110
2016-12-10-16-00, 0.001106
2016-12-10-17-00, 0.001119
2016-12-10-18-00, 0.001104
2016-12-10-19-00, 0.001100
2016-12-10-20-00, 0.001100
2016-12-10-21-00, 0.001100
2016-12-10-22-00, 0.001100
2016-12-10-23-00, 0.001089
2016-12-11-00-00, 0.001106
2016-12-11-01-00, 0.001124
2016-12-11-02-00, 0.001141
2016-12-11-03-00, 0.001189
2016-12-11-04-00, 0.001182
2016-12-11-05-00, 0.001182
2016-12-11-06-00, 0.001175
2016-12-11-07-00, 0.001179
2016-12-11-08-00, 0.001200
2016-12-11-09-00, 0.001208
2016-12-11-10-00, 0.001217
2016-12-11-11-00, 0.001216
2016-12-11-12-00, 0.001230
2016-12-11-13-00, 0.001242
2016-12-11-14-00, 0.001211
2016-12-11-15-00, 0.001206
2016-12-11-16-00, 0.001222
2016-12-11-17-00, 0.001217
2016-12-11-18-00, 0.001230
2016-12-11-19-00, 0.001226
2016-12-11-20-00, 0.001230
2016-12-11-21-00, 0.001211
2016-12-11-22-00, 0.001213
2016-12-11-23-00, 0.001211
2016-12-12-00-00, 0.001208
2016-12-12-01-00, 0.001190
2016-12-12-02-00, 0.001185
2016-12-12-03-00, 0.001195
2016-12-12-04-00, 0.001196
2016-12-12-05-00, 0.001194
2016-12-12-06-00, 0.001190
2016-12-12-07-00, 0.001195
2016-12-12-08-00, 0.001198
2016-12-12-09-00, 0.001224
2016-12-12-10-00, 0.001230
2016-12-12-11-00, 0.001205
2016-12-12-12-00, 0.001174
2016-12-12-13-00, 0.001175
2016-12-12-14-00, 0.001176
2016-12-12-15-00, 0.001159
2016-12-12-16-00, 0.001162
2016-12-12-17-00, 0.001159
2016-12-12-18-00, 0.001164
2016-12-12-19-00, 0.001178
2016-12-12-20-00, 0.001182
2016-12-12-21-00, 0.001190
2016-12-12-22-00, 0.001190
2016-12-12-23-00, 0.001188
2016-12-13-00-00, 0.001170
2016-12-13-01-00, 0.001178
2016-12-13-02-00, 0.001190
2016-12-13-03-00, 0.001180
2016-12-13-04-00, 0.001201
2016-12-13-05-00, 0.001190
2016-12-13-06-00, 0.001192
2016-12-13-07-00, 0.001193
2016-12-13-08-00, 0.001188
2016-12-13-09-00, 0.001187
2016-12-13-10-00, 0.001181
2016-12-13-11-00, 0.001177
2016-12-13-12-00, 0.001174
2016-12-13-13-00, 0.001182
2016-12-13-14-00, 0.001176
2016-12-13-15-00, 0.001180
2016-12-13-16-00, 0.001203
2016-12-13-17-00, 0.001239
2016-12-13-18-00, 0.001267
2016-12-13-19-00, 0.001251
2016-12-13-20-00, 0.001254
2016-12-13-21-00, 0.001262
2016-12-13-22-00, 0.001244
2016-12-13-23-00, 0.001262
2016-12-14-00-00, 0.001254
2016-12-14-01-00, 0.001244
2016-12-14-02-00, 0.001241
2016-12-14-03-00, 0.001228
2016-12-14-04-00, 0.001237
2016-12-14-05-00, 0.001240
2016-12-14-06-00, 0.001242
2016-12-14-07-00, 0.001246
2016-12-14-08-00, 0.001253
2016-12-14-09-00, 0.001260
2016-12-14-10-00, 0.001277
2016-12-14-11-00, 0.001268
2016-12-14-12-00, 0.001264
2016-12-14-13-00, 0.001264
2016-12-14-14-00, 0.001271
2016-12-14-15-00, 0.001271
2016-12-14-16-00, 0.001266
2016-12-14-17-00, 0.001256
2016-12-14-18-00, 0.001266
2016-12-14-19-00, 0.001265
2016-12-14-20-00, 0.001258
2016-12-14-21-00, 0.001267
2016-12-14-22-00, 0.001263
2016-12-14-23-00, 0.001261
2016-12-15-00-00, 0.001270
2016-12-15-01-00, 0.001275
2016-12-15-02-00, 0.001358
2016-12-15-03-00, 0.001362
2016-12-15-04-00, 0.001374
2016-12-15-05-00, 0.001384
2016-12-15-06-00, 0.001376
2016-12-15-07-00, 0.001366
2016-12-15-08-00, 0.001363
2016-12-15-09-00, 0.001391
2016-12-15-10-00, 0.001384
2016-12-15-11-00, 0.001365
2016-12-15-12-00, 0.001356
2016-12-15-13-00, 0.001367
2016-12-15-14-00, 0.001383
2016-12-15-15-00, 0.001396
2016-12-15-16-00, 0.001399
2016-12-15-17-00, 0.001406
2016-12-15-18-00, 0.001380
2016-12-15-19-00, 0.001385
2016-12-15-20-00, 0.001380
2016-12-15-21-00, 0.001370
2016-12-15-22-00, 0.001378
2016-12-15-23-00, 0.001394
2016-12-16-00-00, 0.001388
2016-12-16-01-00, 0.001375
2016-12-16-02-00, 0.001362
2016-12-16-03-00, 0.001346
2016-12-16-04-00, 0.001369
2016-12-16-05-00, 0.001354
2016-12-16-06-00, 0.001336
2016-12-16-07-00, 0.001362
2016-12-16-08-00, 0.001351
2016-12-16-09-00, 0.001337
2016-12-16-10-00, 0.001352
2016-12-16-11-00, 0.001352
2016-12-16-12-00, 0.001335
2016-12-16-13-00, 0.001356
2016-12-16-14-00, 0.001367
2016-12-16-15-00, 0.001378
2016-12-16-16-00, 0.001369
2016-12-16-17-00, 0.001371
2016-12-16-18-00, 0.001383
2016-12-16-19-00, 0.001377
2016-12-16-20-00, 0.001386
2016-12-16-21-00, 0.001370
2016-12-16-22-00, 0.001360
2016-12-16-23-00, 0.001358
2016-12-17-00-00, 0.001362
2016-12-17-01-00, 0.001354
2016-12-17-02-00, 0.001351
2016-12-17-03-00, 0.001328
2016-12-17-04-00, 0.001340
2016-12-17-05-00, 0.001329
2016-12-17-06-00, 0.001329
2016-12-17-07-00, 0.001328
2016-12-17-08-00, 0.001299
2016-12-17-09-00, 0.001312
2016-12-17-10-00, 0.001311
2016-12-17-11-00, 0.001300
2016-12-17-12-00, 0.001294
2016-12-17-13-00, 0.001287
2016-12-17-14-00, 0.001265
2016-12-17-15-00, 0.001270
2016-12-17-16-00, 0.001282
2016-12-17-17-00, 0.001281
2016-12-17-18-00, 0.001270
2016-12-17-19-00, 0.001269
2016-12-17-20-00, 0.001265
2016-12-17-21-00, 0.001257
2016-12-17-22-00, 0.001259
2016-12-17-23-00, 0.001262
2016-12-18-00-00, 0.001271
2016-12-18-01-00, 0.001276
2016-12-18-02-00, 0.001283
2016-12-18-03-00, 0.001274
2016-12-18-04-00, 0.001270
2016-12-18-05-00, 0.001271
2016-12-18-06-00, 0.001269
2016-12-18-07-00, 0.001277
2016-12-18-08-00, 0.001274
2016-12-18-09-00, 0.001278
2016-12-18-10-00, 0.001295
2016-12-18-11-00, 0.001291
2016-12-18-12-00, 0.001324
2016-12-18-13-00, 0.001330
2016-12-18-14-00, 0.001323
2016-12-18-15-00, 0.001335
2016-12-18-16-00, 0.001321
2016-12-18-17-00, 0.001333
2016-12-18-18-00, 0.001337
2016-12-18-19-00, 0.001332
2016-12-18-20-00, 0.001337
2016-12-18-21-00, 0.001337
2016-12-18-22-00, 0.001325
2016-12-18-23-00, 0.001321
2016-12-19-00-00, 0.001336
2016-12-19-01-00, 0.001439
2016-12-19-02-00, 0.001421
2016-12-19-03-00, 0.001447
2016-12-19-04-00, 0.001435
2016-12-19-05-00, 0.001460
2016-12-19-06-00, 0.001437
2016-12-19-07-00, 0.001440
2016-12-19-08-00, 0.001426
2016-12-19-09-00, 0.001443
2016-12-19-10-00, 0.001444
2016-12-19-11-00, 0.001440
2016-12-19-12-00, 0.001438
2016-12-19-13-00, 0.001435
2016-12-19-14-00, 0.001426
2016-12-19-15-00, 0.001439
2016-12-19-16-00, 0.001451
2016-12-19-17-00, 0.001441
2016-12-19-18-00, 0.001437
2016-12-19-19-00, 0.001437
2016-12-19-20-00, 0.001434
2016-12-19-21-00, 0.001432
2016-12-19-22-00, 0.001440
2016-12-19-23-00, 0.001475
2016-12-20-00-00, 0.001504
2016-12-20-01-00, 0.001505
2016-12-20-02-00, 0.001502
2016-12-20-03-00, 0.001520
2016-12-20-04-00, 0.001482
2016-12-20-05-00, 0.001469
2016-12-20-06-00, 0.001485
2016-12-20-07-00, 0.001490
2016-12-20-08-00, 0.001493
2016-12-20-09-00, 0.001480
2016-12-20-10-00, 0.001493
2016-12-20-11-00, 0.001492
2016-12-20-12-00, 0.001506
2016-12-20-13-00, 0.001492
2016-12-20-14-00, 0.001497
2016-12-20-15-00, 0.001493
2016-12-20-16-00, 0.001490
2016-12-20-17-00, 0.001478
2016-12-20-18-00, 0.001473
2016-12-20-19-00, 0.001457
2016-12-20-20-00, 0.001453
2016-12-20-21-00, 0.001449
2016-12-20-22-00, 0.001461
2016-12-20-23-00, 0.001459
2016-12-21-00-00, 0.001424
2016-12-21-01-00, 0.001438
2016-12-21-02-00, 0.001426
2016-12-21-03-00, 0.001430
2016-12-21-04-00, 0.001389
2016-12-21-05-00, 0.001402
2016-12-21-06-00, 0.001387
2016-12-21-07-00, 0.001425
2016-12-21-08-00, 0.001428
2016-12-21-09-00, 0.001448
2016-12-21-10-00, 0.001451
2016-12-21-11-00, 0.001423
2016-12-21-12-00, 0.001438
2016-12-21-13-00, 0.001430
2016-12-21-14-00, 0.001402
2016-12-21-15-00, 0.001358
2016-12-21-16-00, 0.001369
2016-12-21-17-00, 0.001392
2016-12-21-18-00, 0.001384
2016-12-21-19-00, 0.001384
2016-12-21-20-00, 0.001378
2016-12-21-21-00, 0.001375
2016-12-21-22-00, 0.001380
2016-12-21-23-00, 0.001366
2016-12-22-00-00, 0.001365
2016-12-22-01-00, 0.001363
2016-12-22-02-00, 0.001350
2016-12-22-03-00, 0.001356
2016-12-22-04-00, 0.001349
2016-12-22-05-00, 0.001352
2016-12-22-06-00, 0.001349
2016-12-22-07-00, 0.001330
2016-12-22-08-00, 0.001298
2016-12-22-09-00, 0.001275
2016-12-22-10-00, 0.001250
2016-12-22-11-00, 0.001244
2016-12-22-12-00, 0.001276
2016-12-22-13-00, 0.001264
2016-12-22-14-00, 0.001266
2016-12-22-15-00, 0.001254
2016-12-22-16-00, 0.001260
2016-12-22-17-00, 0.001281
2016-12-22-18-00, 0.001278
2016-12-22-19-00, 0.001266
2016-12-22-20-00, 0.001260
2016-12-22-21-00, 0.001283
2016-12-22-22-00, 0.001286
2016-12-22-23-00, 0.001282
2016-12-23-00-00, 0.001270
2016-12-23-01-00, 0.001272
2016-12-23-02-00, 0.001225
2016-12-23-03-00, 0.001207
2016-12-23-04-00, 0.001194
2016-12-23-05-00, 0.001213
2016-12-23-06-00, 0.001224
2016-12-23-07-00, 0.001211
2016-12-23-08-00, 0.001208
2016-12-23-09-00, 0.001182
2016-12-23-10-00, 0.001193
2016-12-23-11-00, 0.001171
2016-12-23-12-00, 0.001168
2016-12-23-13-00, 0.001150
2016-12-23-14-00, 0.001164
2016-12-23-15-00, 0.001147
2016-12-23-16-00, 0.001140
2016-12-23-17-00, 0.001176
2016-12-23-18-00, 0.001204
2016-12-23-19-00, 0.001196
2016-12-23-20-00, 0.001196
2016-12-23-21-00, 0.001197
2016-12-23-22-00, 0.001173
2016-12-23-23-00, 0.001160
2016-12-24-00-00, 0.001133
2016-12-24-01-00, 0.001130
2016-12-24-02-00, 0.001151
2016-12-24-03-00, 0.001152
2016-12-24-04-00, 0.001197
2016-12-24-05-00, 0.001203
2016-12-24-06-00, 0.001198
2016-12-24-07-00, 0.001189
2016-12-24-08-00, 0.001180
2016-12-24-09-00, 0.001227
2016-12-24-10-00, 0.001227
2016-12-24-11-00, 0.001253
2016-12-24-12-00, 0.001237
2016-12-24-13-00, 0.001255
2016-12-24-14-00, 0.001254
2016-12-24-15-00, 0.001240
2016-12-24-16-00, 0.001231
2016-12-24-17-00, 0.001221
2016-12-24-18-00, 0.001220
2016-12-24-19-00, 0.001231
2016-12-24-20-00, 0.001211
2016-12-24-21-00, 0.001210
2016-12-24-22-00, 0.001225
2016-12-24-23-00, 0.001234
2016-12-25-00-00, 0.001240
2016-12-25-01-00, 0.001241
2016-12-25-02-00, 0.001240
2016-12-25-03-00, 0.001264
2016-12-25-04-00, 0.001258
2016-12-25-05-00, 0.001260
2016-12-25-06-00, 0.001256
2016-12-25-07-00, 0.001235
2016-12-25-08-00, 0.001246
2016-12-25-09-00, 0.001250
2016-12-25-10-00, 0.001260
2016-12-25-11-00, 0.001255
2016-12-25-12-00, 0.001247
2016-12-25-13-00, 0.001235
2016-12-25-14-00, 0.001236
2016-12-25-15-00, 0.001229
2016-12-25-16-00, 0.001217
2016-12-25-17-00, 0.001216
2016-12-25-18-00, 0.001210
2016-12-25-19-00, 0.001199
2016-12-25-20-00, 0.001197
2016-12-25-21-00, 0.001192
2016-12-25-22-00, 0.001195
2016-12-25-23-00, 0.001190
2016-12-26-00-00, 0.001192
2016-12-26-01-00, 0.001185
2016-12-26-02-00, 0.001180
2016-12-26-03-00, 0.001186
2016-12-26-04-00, 0.001186
2016-12-26-05-00, 0.001185
2016-12-26-06-00, 0.001180
2016-12-26-07-00, 0.001167
2016-12-26-08-00, 0.001162
2016-12-26-09-00, 0.001160
2016-12-26-10-00, 0.001168
2016-12-26-11-00, 0.001165
2016-12-26-12-00, 0.001166
2016-12-26-15-00, 0.001154
2016-12-26-16-00, 0.001160
2016-12-26-17-00, 0.001150
2016-12-26-18-00, 0.001150
2016-12-26-19-00, 0.001142
2016-12-26-20-00, 0.001140
2016-12-26-21-00, 0.001136
2016-12-26-22-00, 0.001144
2016-12-26-23-00, 0.001150
2016-12-27-00-00, 0.001150
2016-12-27-01-00, 0.001150
2016-12-27-02-00, 0.001152
2016-12-27-03-00, 0.001158
2016-12-27-04-00, 0.001155
2016-12-27-05-00, 0.001149
2016-12-27-06-00, 0.001144
2016-12-27-07-00, 0.001145
2016-12-27-08-00, 0.001139
2016-12-27-09-00, 0.001135
2016-12-27-10-00, 0.001131
2016-12-27-11-00, 0.001130
2016-12-27-12-00, 0.001127
2016-12-27-13-00, 0.001120
2016-12-27-14-00, 0.001121
2016-12-27-15-00, 0.001138
2016-12-27-16-00, 0.001142
2016-12-27-17-00, 0.001136
2016-12-27-18-00, 0.001132
2016-12-27-19-00, 0.001136
2016-12-27-20-00, 0.001125
2016-12-27-21-00, 0.001117
2016-12-27-22-00, 0.001127
2016-12-27-23-00, 0.001128
2016-12-28-00-00, 0.001129
2016-12-28-01-00, 0.001112
2016-12-28-02-00, 0.001108
2016-12-28-03-00, 0.001097
2016-12-28-04-00, 0.001095
2016-12-28-05-00, 0.001101
2016-12-28-06-00, 0.001097
2016-12-28-07-00, 0.001098
2016-12-28-08-00, 0.001087
2016-12-28-09-00, 0.001090
2016-12-28-10-00, 0.001087
2016-12-28-11-00, 0.001097
2016-12-28-12-00, 0.001101
2016-12-28-13-00, 0.001093
2016-12-28-14-00, 0.001093
2016-12-28-15-00, 0.001086
2016-12-28-16-00, 0.001120
2016-12-28-17-00, 0.001125
2016-12-28-18-00, 0.001116
2016-12-28-19-00, 0.001101
2016-12-28-20-00, 0.001097
2016-12-28-21-00, 0.001118
2016-12-28-22-00, 0.001130
2016-12-28-23-00, 0.001151
2016-12-29-00-00, 0.001137
2016-12-29-01-00, 0.001139
2016-12-29-02-00, 0.001139
2016-12-29-03-00, 0.001239
2016-12-29-04-00, 0.001239
2016-12-29-05-00, 0.001255
2016-12-29-06-00, 0.001247
2016-12-29-07-00, 0.001249
2016-12-29-08-00, 0.001309
2016-12-29-09-00, 0.001338
2016-12-29-10-00, 0.001329
2016-12-29-11-00, 0.001341
2016-12-29-12-00, 0.001294
2016-12-29-13-00, 0.001316
2016-12-29-14-00, 0.001318
2016-12-29-15-00, 0.001325
2016-12-29-16-00, 0.001499
2016-12-29-17-00, 0.001430
2016-12-29-18-00, 0.001452
2016-12-29-19-00, 0.001453
2016-12-29-20-00, 0.001491
2016-12-29-21-00, 0.001449
2016-12-29-22-00, 0.001420
2016-12-29-23-00, 0.001449
2016-12-30-00-00, 0.001452
2016-12-30-01-00, 0.001492
2016-12-30-02-00, 0.001656
2016-12-30-03-00, 0.001660
2016-12-30-04-00, 0.001650
2016-12-30-05-00, 0.001650
2016-12-30-06-00, 0.001656
2016-12-30-07-00, 0.001668
2016-12-30-08-00, 0.001655
2016-12-30-09-00, 0.001670
2016-12-30-10-00, 0.001670
2016-12-30-11-00, 0.001549
2016-12-30-12-00, 0.001603
2016-12-30-13-00, 0.001548
2016-12-30-14-00, 0.001531
2016-12-30-15-00, 0.001560
2016-12-30-16-00, 0.001520
2016-12-30-17-00, 0.001503
2016-12-30-18-00, 0.001541
2016-12-30-19-00, 0.001544
2016-12-30-20-00, 0.001535
2016-12-30-21-00, 0.001554
2016-12-30-22-00, 0.001649
2016-12-30-23-00, 0.001587
2016-12-31-00-00, 0.001613
2016-12-31-01-00, 0.001619
2016-12-31-02-00, 0.001580
2016-12-31-03-00, 0.001517
2016-12-31-04-00, 0.001470
2016-12-31-05-00, 0.001502
2016-12-31-06-00, 0.001490
2016-12-31-07-00, 0.001423
2016-12-31-08-00, 0.001450
2016-12-31-09-00, 0.001421
2016-12-31-10-00, 0.001454
2016-12-31-11-00, 0.001467
2016-12-31-12-00, 0.001459
2016-12-31-13-00, 0.001475
2016-12-31-14-00, 0.001476
2016-12-31-15-00, 0.001445
2016-12-31-16-00, 0.001479
2016-12-31-17-00, 0.001492
2016-12-31-18-00, 0.001483
2016-12-31-19-00, 0.001495
2016-12-31-20-00, 0.001502
2016-12-31-21-00, 0.001478
2016-12-31-22-00, 0.001486
2016-12-31-23-00, 0.001476
2017-01-01-00-00, 0.001457
2017-01-01-01-00, 0.001449
2017-01-01-02-00, 0.001481
2017-01-01-03-00, 0.001498
2017-01-01-04-00, 0.001481
2017-01-01-05-00, 0.001549
2017-01-01-06-00, 0.001539
2017-01-01-07-00, 0.001547
2017-01-01-08-00, 0.001520
2017-01-01-09-00, 0.001522
2017-01-01-10-00, 0.001521
2017-01-01-11-00, 0.001477
2017-01-01-12-00, 0.001476
2017-01-01-13-00, 0.001481
2017-01-01-14-00, 0.001481
2017-01-01-15-00, 0.001492
2017-01-01-16-00, 0.001487
2017-01-01-17-00, 0.001417
2017-01-01-18-00, 0.001365
2017-01-01-19-00, 0.001381
2017-01-01-20-00, 0.001383
2017-01-01-21-00, 0.001355
2017-01-01-22-00, 0.001350
2017-01-01-23-00, 0.001389
2017-01-02-00-00, 0.001394
2017-01-02-01-00, 0.001386
2017-01-02-02-00, 0.001405
2017-01-02-03-00, 0.001382
2017-01-02-04-00, 0.001365
2017-01-02-05-00, 0.001363
2017-01-02-06-00, 0.001358
2017-01-02-07-00, 0.001368
2017-01-02-08-00, 0.001359
2017-01-02-09-00, 0.001365
2017-01-02-10-00, 0.001377
2017-01-02-11-00, 0.001364
2017-01-02-12-00, 0.001356
2017-01-02-13-00, 0.001345
2017-01-02-14-00, 0.001384
2017-01-02-15-00, 0.001368
2017-01-02-16-00, 0.001373
2017-01-02-17-00, 0.001371
2017-01-02-18-00, 0.001384
2017-01-02-19-00, 0.001398
2017-01-02-20-00, 0.001399
2017-01-02-21-00, 0.001412
2017-01-02-22-00, 0.001401
2017-01-02-23-00, 0.001388
2017-01-03-00-00, 0.001405
2017-01-03-01-00, 0.001380
2017-01-03-02-00, 0.001376
2017-01-03-03-00, 0.001372
2017-01-03-04-00, 0.001366
2017-01-03-05-00, 0.001371
2017-01-03-06-00, 0.001410
2017-01-03-07-00, 0.001431
2017-01-03-08-00, 0.001430
2017-01-03-09-00, 0.001428
2017-01-03-10-00, 0.001427
2017-01-03-11-00, 0.001434
2017-01-03-12-00, 0.001431
2017-01-03-13-00, 0.001451
2017-01-03-14-00, 0.001490
2017-01-03-15-00, 0.001489
2017-01-03-16-00, 0.001517
2017-01-03-17-00, 0.001528
2017-01-03-18-00, 0.001520
2017-01-03-19-00, 0.001509
2017-01-03-20-00, 0.001490
2017-01-03-21-00, 0.001472
2017-01-03-22-00, 0.001444
2017-01-03-23-00, 0.001471
2017-01-04-00-00, 0.001411
2017-01-04-01-00, 0.001446
2017-01-04-02-00, 0.001480
2017-01-04-03-00, 0.001472
2017-01-04-04-00, 0.001496
2017-01-04-05-00, 0.001496
2017-01-04-06-00, 0.001482
2017-01-04-07-00, 0.001485
2017-01-04-08-00, 0.001478
2017-01-04-09-00, 0.001494
2017-01-04-10-00, 0.001490
2017-01-04-11-00, 0.001465
2017-01-04-12-00, 0.001439
2017-01-04-13-00, 0.001461
2017-01-04-14-00, 0.001422
2017-01-04-15-00, 0.001428
2017-01-04-16-00, 0.001442
2017-01-04-17-00, 0.001437
2017-01-04-18-00, 0.001500
2017-01-04-19-00, 0.001488
2017-01-04-20-00, 0.001534
2017-01-04-21-00, 0.001560
2017-01-04-22-00, 0.001517
2017-01-04-23-00, 0.001518
2017-01-05-00-00, 0.001509
2017-01-05-01-00, 0.001566
2017-01-05-02-00, 0.001564
2017-01-05-03-00, 0.001595
2017-01-05-04-00, 0.001545
2017-01-05-05-00, 0.001539
2017-01-05-06-00, 0.001571
2017-01-05-07-00, 0.001569
2017-01-05-08-00, 0.001548
2017-01-05-09-00, 0.001546
2017-01-05-10-00, 0.001573
2017-01-05-11-00, 0.001545
2017-01-05-12-00, 0.001542
2017-01-05-13-00, 0.001578
2017-01-05-14-00, 0.001585
2017-01-05-15-00, 0.001659
2017-01-05-16-00, 0.001660
2017-01-05-17-00, 0.001645
2017-01-05-18-00, 0.001622
2017-01-05-19-00, 0.001613
2017-01-05-20-00, 0.001601
2017-01-05-21-00, 0.001622
2017-01-05-22-00, 0.001635
2017-01-05-23-00, 0.001600
2017-01-06-00-00, 0.001592
2017-01-06-01-00, 0.001570
2017-01-06-02-00, 0.001560
2017-01-06-03-00, 0.001626
2017-01-06-04-00, 0.001624
2017-01-06-05-00, 0.001626
2017-01-06-06-00, 0.001625
2017-01-06-07-00, 0.001620
2017-01-06-08-00, 0.001638
2017-01-06-09-00, 0.001656
2017-01-06-10-00, 0.001666
2017-01-06-11-00, 0.001670
2017-01-06-12-00, 0.001635
2017-01-06-13-00, 0.001591
2017-01-06-14-00, 0.001594
2017-01-06-15-00, 0.001600
2017-01-06-16-00, 0.001646
2017-01-06-17-00, 0.001639
2017-01-06-18-00, 0.001629
2017-01-06-19-00, 0.001637
2017-01-06-20-00, 0.001648
2017-01-06-21-00, 0.001647
2017-01-06-22-00, 0.001652
2017-01-06-23-00, 0.001638
2017-01-07-00-00, 0.001655
2017-01-07-01-00, 0.001655
2017-01-07-02-00, 0.001651
2017-01-07-03-00, 0.001636
2017-01-07-04-00, 0.001585
2017-01-07-05-00, 0.001575
2017-01-07-06-00, 0.001576
2017-01-07-07-00, 0.001583
2017-01-07-08-00, 0.001574
2017-01-07-09-00, 0.001538
2017-01-07-10-00, 0.001550
2017-01-07-11-00, 0.001530
2017-01-07-12-00, 0.001567
2017-01-07-13-00, 0.001592
2017-01-07-14-00, 0.001631
2017-01-07-15-00, 0.001615
2017-01-07-16-00, 0.001624
2017-01-07-17-00, 0.001607
2017-01-07-18-00, 0.001597
2017-01-07-19-00, 0.001592
2017-01-07-20-00, 0.001599
2017-01-07-21-00, 0.001596
2017-01-07-22-00, 0.001614
2017-01-07-23-00, 0.001598
2017-01-08-00-00, 0.001581
2017-01-08-01-00, 0.001582
2017-01-08-02-00, 0.001581
2017-01-08-03-00, 0.001582
2017-01-08-04-00, 0.001584
2017-01-08-05-00, 0.001587
2017-01-08-06-00, 0.001563
2017-01-08-07-00, 0.001552
2017-01-08-08-00, 0.001566
2017-01-08-09-00, 0.001564
2017-01-08-10-00, 0.001555
2017-01-08-11-00, 0.001552
2017-01-08-12-00, 0.001587
2017-01-08-13-00, 0.001588
2017-01-08-14-00, 0.001589
2017-01-08-15-00, 0.001584
2017-01-08-16-00, 0.001591
2017-01-08-17-00, 0.001589
2017-01-08-18-00, 0.001579
2017-01-08-19-00, 0.001586
2017-01-08-20-00, 0.001587
2017-01-08-21-00, 0.001579
2017-01-08-22-00, 0.001591
2017-01-08-23-00, 0.001590
2017-01-09-00-00, 0.001591
2017-01-09-01-00, 0.001635
2017-01-09-02-00, 0.001627
2017-01-09-03-00, 0.001622
2017-01-09-04-00, 0.001621
2017-01-09-05-00, 0.001621
2017-01-09-06-00, 0.001599
2017-01-09-07-00, 0.001596
2017-01-09-08-00, 0.001596
2017-01-09-09-00, 0.001587
2017-01-09-10-00, 0.001637
2017-01-09-11-00, 0.001614
2017-01-09-12-00, 0.001612
2017-01-09-13-00, 0.001604
2017-01-09-14-00, 0.001607
2017-01-09-15-00, 0.001596
2017-01-09-16-00, 0.001602
2017-01-09-17-00, 0.001622
2017-01-09-18-00, 0.001614
2017-01-09-19-00, 0.001606
2017-01-09-20-00, 0.001608
2017-01-09-21-00, 0.001596
2017-01-09-22-00, 0.001568
2017-01-09-23-00, 0.001549
2017-01-10-00-00, 0.001554
2017-01-10-01-00, 0.001575
2017-01-10-02-00, 0.001576
2017-01-10-03-00, 0.001573
2017-01-10-04-00, 0.001581
2017-01-10-05-00, 0.001610
2017-01-10-06-00, 0.001595
2017-01-10-07-00, 0.001600
2017-01-10-08-00, 0.001595
2017-01-10-09-00, 0.001580
2017-01-10-10-00, 0.001579
2017-01-10-11-00, 0.001569
2017-01-10-12-00, 0.001600
2017-01-10-13-00, 0.001584
2017-01-10-14-00, 0.001575
2017-01-10-15-00, 0.001580
2017-01-10-16-00, 0.001580
2017-01-10-17-00, 0.001581
2017-01-10-18-00, 0.001555
2017-01-10-19-00, 0.001571
2017-01-10-20-00, 0.001575
2017-01-10-21-00, 0.001575
2017-01-10-22-00, 0.001573
2017-01-10-23-00, 0.001573
2017-01-11-00-00, 0.001579
2017-01-11-01-00, 0.001573
2017-01-11-02-00, 0.001576
2017-01-11-03-00, 0.001575
2017-01-11-04-00, 0.001566
2017-01-11-05-00, 0.001566
2017-01-11-06-00, 0.001562
2017-01-11-07-00, 0.001576
2017-01-11-08-00, 0.001560
2017-01-11-09-00, 0.001560
2017-01-11-10-00, 0.001552
2017-01-11-11-00, 0.001501
2017-01-11-12-00, 0.001527
2017-01-11-13-00, 0.001521
2017-01-11-14-00, 0.001521
2017-01-11-15-00, 0.001527
2017-01-11-16-00, 0.001515
2017-01-11-17-00, 0.001519
2017-01-11-18-00, 0.001511
2017-01-11-19-00, 0.001493
2017-01-11-20-00, 0.001497
2017-01-11-21-00, 0.001500
2017-01-11-22-00, 0.001507
2017-01-11-23-00, 0.001512
2017-01-12-00-00, 0.001519
2017-01-12-01-00, 0.001513
2017-01-12-02-00, 0.001503
2017-01-12-03-00, 0.001500
2017-01-12-04-00, 0.001478
2017-01-12-05-00, 0.001485
2017-01-12-06-00, 0.001496
2017-01-12-07-00, 0.001483
2017-01-12-08-00, 0.001496
2017-01-12-09-00, 0.001484
2017-01-12-10-00, 0.001481
2017-01-12-11-00, 0.001482
2017-01-12-12-00, 0.001529
2017-01-12-13-00, 0.001511
2017-01-12-14-00, 0.001513
2017-01-12-15-00, 0.001510
2017-01-12-16-00, 0.001523
2017-01-12-17-00, 0.001536
2017-01-12-18-00, 0.001531
2017-01-12-19-00, 0.001523
2017-01-12-20-00, 0.001523
2017-01-12-21-00, 0.001520
2017-01-12-22-00, 0.001513
2017-01-12-23-00, 0.001533
2017-01-13-00-00, 0.001511
2017-01-13-01-00, 0.001498
2017-01-13-02-00, 0.001494
2017-01-13-03-00, 0.001490
2017-01-13-04-00, 0.001491
2017-01-13-05-00, 0.001497
2017-01-13-06-00, 0.001506
2017-01-13-07-00, 0.001495
2017-01-13-08-00, 0.001495
2017-01-13-09-00, 0.001493
2017-01-13-10-00, 0.001500
2017-01-13-11-00, 0.001476
2017-01-13-12-00, 0.001476
2017-01-13-13-00, 0.001476
2017-01-13-14-00, 0.001500
2017-01-13-15-00, 0.001493
2017-01-13-16-00, 0.001505
2017-01-13-17-00, 0.001496
2017-01-13-18-00, 0.001485
2017-01-13-19-00, 0.001480
2017-01-13-20-00, 0.001474
2017-01-13-21-00, 0.001471
2017-01-13-22-00, 0.001484
2017-01-13-23-00, 0.001466
2017-01-14-00-00, 0.001465
2017-01-14-01-00, 0.001472
2017-01-14-02-00, 0.001475
2017-01-14-03-00, 0.001467
2017-01-14-04-00, 0.001467
2017-01-14-05-00, 0.001466
2017-01-14-06-00, 0.001464
2017-01-14-07-00, 0.001464
2017-01-14-08-00, 0.001457
2017-01-14-09-00, 0.001461
2017-01-14-10-00, 0.001467
2017-01-14-11-00, 0.001461
2017-01-14-12-00, 0.001460
2017-01-14-13-00, 0.001459
2017-01-14-14-00, 0.001453
2017-01-14-15-00, 0.001448
2017-01-14-16-00, 0.001446
2017-01-14-17-00, 0.001432
2017-01-14-18-00, 0.001440
2017-01-14-19-00, 0.001441
2017-01-14-20-00, 0.001451
2017-01-14-21-00, 0.001465
2017-01-14-22-00, 0.001467
2017-01-14-23-00, 0.001479
2017-01-15-00-00, 0.001469
2017-01-15-01-00, 0.001464
2017-01-15-02-00, 0.001452
2017-01-15-03-00, 0.001448
2017-01-15-04-00, 0.001456
2017-01-15-05-00, 0.001446
2017-01-15-06-00, 0.001446
2017-01-15-07-00, 0.001449
2017-01-15-08-00, 0.001455
2017-01-15-09-00, 0.001452
2017-01-15-10-00, 0.001447
2017-01-15-11-00, 0.001451
2017-01-15-12-00, 0.001436
2017-01-15-13-00, 0.001440
2017-01-15-14-00, 0.001448
2017-01-15-15-00, 0.001446
2017-01-15-16-00, 0.001431
2017-01-15-17-00, 0.001427
2017-01-15-18-00, 0.001439
2017-01-15-19-00, 0.001439
2017-01-15-20-00, 0.001459
2017-01-15-21-00, 0.001448
2017-01-15-22-00, 0.001447
2017-01-15-23-00, 0.001451
2017-01-16-00-00, 0.001445
2017-01-16-01-00, 0.001441
2017-01-16-02-00, 0.001439
2017-01-16-03-00, 0.001427
2017-01-16-04-00, 0.001428
2017-01-16-05-00, 0.001442
2017-01-16-06-00, 0.001440
2017-01-16-07-00, 0.001436
2017-01-16-08-00, 0.001430
2017-01-16-09-00, 0.001429
2017-01-16-10-00, 0.001429
2017-01-16-11-00, 0.001428
2017-01-16-12-00, 0.001433
2017-01-16-13-00, 0.001430
2017-01-16-14-00, 0.001434
2017-01-16-15-00, 0.001431
2017-01-16-16-00, 0.001415
2017-01-16-17-00, 0.001416
2017-01-16-18-00, 0.001418
2017-01-16-19-00, 0.001420
2017-01-16-20-00, 0.001419
2017-01-16-21-00, 0.001416
2017-01-16-22-00, 0.001418
2017-01-16-23-00, 0.001410
2017-01-17-00-00, 0.001416
2017-01-17-01-00, 0.001419
2017-01-17-02-00, 0.001432
2017-01-17-03-00, 0.001431
2017-01-17-04-00, 0.001416
2017-01-17-05-00, 0.001401
2017-01-17-06-00, 0.001396
2017-01-17-07-00, 0.001390
2017-01-17-08-00, 0.001357
2017-01-17-09-00, 0.001364
2017-01-17-10-00, 0.001363
2017-01-17-11-00, 0.001352
2017-01-17-12-00, 0.001355
2017-01-17-13-00, 0.001356
2017-01-17-14-00, 0.001362
2017-01-17-15-00, 0.001361
2017-01-17-16-00, 0.001367
2017-01-17-17-00, 0.001391
2017-01-17-18-00, 0.001354
2017-01-17-19-00, 0.001350
2017-01-17-20-00, 0.001349
2017-01-17-21-00, 0.001361
2017-01-17-22-00, 0.001363
2017-01-17-23-00, 0.001331
2017-01-18-00-00, 0.001336
2017-01-18-01-00, 0.001321
2017-01-18-02-00, 0.001346
2017-01-18-03-00, 0.001342
2017-01-18-04-00, 0.001342
2017-01-18-05-00, 0.001332
2017-01-18-06-00, 0.001333
2017-01-18-07-00, 0.001330
2017-01-18-08-00, 0.001338
2017-01-18-09-00, 0.001347
2017-01-18-10-00, 0.001347
2017-01-18-11-00, 0.001346
2017-01-18-12-00, 0.001346
2017-01-18-13-00, 0.001350
2017-01-18-14-00, 0.001353
2017-01-18-15-00, 0.001349
2017-01-18-16-00, 0.001358
2017-01-18-17-00, 0.001377
2017-01-18-18-00, 0.001372
2017-01-18-19-00, 0.001364
2017-01-18-20-00, 0.001373
2017-01-18-21-00, 0.001371
2017-01-18-22-00, 0.001372
2017-01-18-23-00, 0.001374
2017-01-19-00-00, 0.001351
2017-01-19-01-00, 0.001340
2017-01-19-02-00, 0.001337
2017-01-19-03-00, 0.001336
2017-01-19-04-00, 0.001330
2017-01-19-05-00, 0.001338
2017-01-19-06-00, 0.001327
2017-01-19-07-00, 0.001332
2017-01-19-08-00, 0.001330
2017-01-19-09-00, 0.001319
2017-01-19-10-00, 0.001303
2017-01-19-11-00, 0.001304
2017-01-19-12-00, 0.001306
2017-01-19-13-00, 0.001315
2017-01-19-14-00, 0.001308
2017-01-19-15-00, 0.001301
2017-01-19-16-00, 0.001313
2017-01-19-17-00, 0.001313
2017-01-19-18-00, 0.001296
2017-01-19-19-00, 0.001306
2017-01-19-20-00, 0.001300
2017-01-19-21-00, 0.001298
2017-01-19-22-00, 0.001297
2017-01-19-23-00, 0.001309
2017-01-20-00-00, 0.001304
2017-01-20-01-00, 0.001299
2017-01-20-02-00, 0.001311
2017-01-20-03-00, 0.001306
2017-01-20-04-00, 0.001308
2017-01-20-05-00, 0.001320
2017-01-20-06-00, 0.001311
2017-01-20-07-00, 0.001300
2017-01-20-08-00, 0.001300
2017-01-20-09-00, 0.001306
2017-01-20-10-00, 0.001313
2017-01-20-11-00, 0.001309
2017-01-20-12-00, 0.001299
2017-01-20-13-00, 0.001308
2017-01-20-14-00, 0.001409
2017-01-20-15-00, 0.001421
2017-01-20-16-00, 0.001535
2017-01-20-17-00, 0.001492
2017-01-20-18-00, 0.001486
2017-01-20-19-00, 0.001477
2017-01-20-20-00, 0.001477
2017-01-20-21-00, 0.001502
2017-01-20-22-00, 0.001515
2017-01-20-23-00, 0.001500
2017-01-21-00-00, 0.001492
2017-01-21-01-00, 0.001519
2017-01-21-02-00, 0.001577
2017-01-21-03-00, 0.001583
2017-01-21-04-00, 0.001524
2017-01-21-05-00, 0.001509
2017-01-21-06-00, 0.001513
2017-01-21-07-00, 0.001528
2017-01-21-08-00, 0.001497
2017-01-21-09-00, 0.001480
2017-01-21-10-00, 0.001470
2017-01-21-11-00, 0.001490
2017-01-21-12-00, 0.001481
2017-01-21-13-00, 0.001489
2017-01-21-14-00, 0.001492
2017-01-21-15-00, 0.001549
2017-01-21-16-00, 0.001530
2017-01-21-17-00, 0.001527
2017-01-21-18-00, 0.001524
2017-01-21-19-00, 0.001515
2017-01-21-20-00, 0.001542
2017-01-21-21-00, 0.001534
2017-01-21-22-00, 0.001534
2017-01-21-23-00, 0.001539
2017-01-22-00-00, 0.001529
2017-01-22-01-00, 0.001515
2017-01-22-02-00, 0.001511
2017-01-22-03-00, 0.001489
2017-01-22-04-00, 0.001485
2017-01-22-05-00, 0.001485
2017-01-22-06-00, 0.001500
2017-01-22-07-00, 0.001550
2017-01-22-08-00, 0.001550
2017-01-22-09-00, 0.001554
2017-01-22-10-00, 0.001566
2017-01-22-11-00, 0.001525
2017-01-22-12-00, 0.001536
2017-01-22-13-00, 0.001513
2017-01-22-14-00, 0.001512
2017-01-22-15-00, 0.001518
2017-01-22-16-00, 0.001517
2017-01-22-17-00, 0.001510
2017-01-22-18-00, 0.001502
2017-01-22-19-00, 0.001508
2017-01-22-20-00, 0.001498
2017-01-22-21-00, 0.001508
2017-01-22-22-00, 0.001500
2017-01-22-23-00, 0.001494
2017-01-23-00-00, 0.001500
2017-01-23-01-00, 0.001496
2017-01-23-02-00, 0.001488
2017-01-23-03-00, 0.001489
2017-01-23-04-00, 0.001491
2017-01-23-05-00, 0.001490
2017-01-23-06-00, 0.001487
2017-01-23-07-00, 0.001488
2017-01-23-08-00, 0.001496
2017-01-23-09-00, 0.001503
2017-01-23-10-00, 0.001493
2017-01-23-11-00, 0.001500
2017-01-23-12-00, 0.001498
2017-01-23-13-00, 0.001493
2017-01-23-14-00, 0.001493
2017-01-23-15-00, 0.001495
2017-01-23-16-00, 0.001505
2017-01-23-17-00, 0.001489
2017-01-23-18-00, 0.001496
2017-01-23-19-00, 0.001491
2017-01-23-20-00, 0.001498
2017-01-23-21-00, 0.001506
2017-01-23-22-00, 0.001503
2017-01-23-23-00, 0.001508
2017-01-24-00-00, 0.001528
2017-01-24-01-00, 0.001513
2017-01-24-02-00, 0.001508
2017-01-24-03-00, 0.001510
2017-01-24-04-00, 0.001507
2017-01-24-05-00, 0.001507
2017-01-24-06-00, 0.001509
2017-01-24-07-00, 0.001510
2017-01-24-08-00, 0.001508
2017-01-24-09-00, 0.001508
2017-01-24-10-00, 0.001515
2017-01-24-11-00, 0.001518
2017-01-24-12-00, 0.001512
2017-01-24-13-00, 0.001518
2017-01-24-14-00, 0.001510
2017-01-24-15-00, 0.001524
2017-01-24-16-00, 0.001508
2017-01-24-17-00, 0.001500
2017-01-24-18-00, 0.001507
2017-01-24-19-00, 0.001506
2017-01-24-20-00, 0.001502
2017-01-24-21-00, 0.001515
2017-01-24-22-00, 0.001520
2017-01-24-23-00, 0.001530
2017-01-25-00-00, 0.001528
2017-01-25-01-00, 0.001527
2017-01-25-02-00, 0.001524
2017-01-25-03-00, 0.001515
2017-01-25-04-00, 0.001517
2017-01-25-05-00, 0.001519
2017-01-25-06-00, 0.001515
2017-01-25-07-00, 0.001512
2017-01-25-08-00, 0.001500
2017-01-25-09-00, 0.001507
2017-01-25-10-00, 0.001490
2017-01-25-11-00, 0.001481
2017-01-25-12-00, 0.001480
2017-01-25-13-00, 0.001450
2017-01-25-14-00, 0.001447
2017-01-25-15-00, 0.001460
2017-01-25-16-00, 0.001456
2017-01-25-17-00, 0.001459
2017-01-25-18-00, 0.001466
2017-01-25-19-00, 0.001465
2017-01-25-20-00, 0.001458
2017-01-25-21-00, 0.001441
2017-01-25-22-00, 0.001431
2017-01-25-23-00, 0.001429
2017-01-26-00-00, 0.001426
2017-01-26-01-00, 0.001425
2017-01-26-02-00, 0.001427
2017-01-26-03-00, 0.001434
2017-01-26-04-00, 0.001430
2017-01-26-05-00, 0.001436
2017-01-26-06-00, 0.001431
2017-01-26-07-00, 0.001433
2017-01-26-08-00, 0.001426
2017-01-26-09-00, 0.001428
2017-01-26-10-00, 0.001428
2017-01-26-11-00, 0.001436
2017-01-26-12-00, 0.001436
2017-01-26-13-00, 0.001436
2017-01-26-14-00, 0.001438
2017-01-26-15-00, 0.001471
2017-01-26-16-00, 0.001472
2017-01-26-17-00, 0.001451
2017-01-26-18-00, 0.001454
2017-01-26-19-00, 0.001455
2017-01-26-20-00, 0.001447
2017-01-26-21-00, 0.001447
2017-01-26-22-00, 0.001455
2017-01-26-23-00, 0.001448
2017-01-27-00-00, 0.001453
2017-01-27-01-00, 0.001459
2017-01-27-02-00, 0.001459
2017-01-27-03-00, 0.001447
2017-01-27-04-00, 0.001442
2017-01-27-05-00, 0.001438
2017-01-27-06-00, 0.001439
2017-01-27-07-00, 0.001450
2017-01-27-08-00, 0.001442
2017-01-27-09-00, 0.001431
2017-01-27-10-00, 0.001432
2017-01-27-11-00, 0.001430
2017-01-27-12-00, 0.001407
2017-01-27-13-00, 0.001417
2017-01-27-14-00, 0.001423
2017-01-27-15-00, 0.001401
2017-01-27-16-00, 0.001400
2017-01-27-17-00, 0.001391
2017-01-27-18-00, 0.001395
2017-01-27-19-00, 0.001387
2017-01-27-20-00, 0.001395
2017-01-27-21-00, 0.001392
2017-01-27-22-00, 0.001396
2017-01-27-23-00, 0.001390
2017-01-28-00-00, 0.001395
2017-01-28-01-00, 0.001403
2017-01-28-02-00, 0.001409
2017-01-28-03-00, 0.001417
2017-01-28-04-00, 0.001413
2017-01-28-05-00, 0.001407
2017-01-28-06-00, 0.001414
2017-01-28-07-00, 0.001409
2017-01-28-08-00, 0.001413
2017-01-28-09-00, 0.001409
2017-01-28-10-00, 0.001401
2017-01-28-11-00, 0.001407
2017-01-28-12-00, 0.001408
2017-01-28-13-00, 0.001409
2017-01-28-14-00, 0.001410
2017-01-28-15-00, 0.001410
2017-01-28-16-00, 0.001407
2017-01-28-17-00, 0.001402
2017-01-28-18-00, 0.001414
2017-01-28-19-00, 0.001424
2017-01-28-20-00, 0.001425
2017-01-28-21-00, 0.001413
2017-01-28-22-00, 0.001417
2017-01-28-23-00, 0.001421
2017-01-29-00-00, 0.001414
2017-01-29-01-00, 0.001421
2017-01-29-02-00, 0.001409
2017-01-29-03-00, 0.001404
2017-01-29-04-00, 0.001404
2017-01-29-05-00, 0.001412
2017-01-29-06-00, 0.001409
2017-01-29-07-00, 0.001411
2017-01-29-08-00, 0.001409
2017-01-29-09-00, 0.001410
2017-01-29-10-00, 0.001411
2017-01-29-11-00, 0.001411
2017-01-29-12-00, 0.001412
2017-01-29-13-00, 0.001409
2017-01-29-14-00, 0.001403
2017-01-29-15-00, 0.001408
2017-01-29-16-00, 0.001403
2017-01-29-17-00, 0.001413
2017-01-29-18-00, 0.001410
2017-01-29-19-00, 0.001407
2017-01-29-20-00, 0.001410
2017-01-29-21-00, 0.001416
2017-01-29-22-00, 0.001412
2017-01-29-23-00, 0.001411
2017-01-30-00-00, 0.001411
2017-01-30-01-00, 0.001414
2017-01-30-02-00, 0.001412
2017-01-30-03-00, 0.001407
2017-01-30-04-00, 0.001403
2017-01-30-05-00, 0.001411
2017-01-30-06-00, 0.001406
2017-01-30-07-00, 0.001409
2017-01-30-08-00, 0.001408
2017-01-30-09-00, 0.001410
2017-01-30-10-00, 0.001415
2017-01-30-11-00, 0.001412
2017-01-30-12-00, 0.001415
2017-01-30-13-00, 0.001410
2017-01-30-14-00, 0.001411
2017-01-30-15-00, 0.001412
2017-01-30-16-00, 0.001412
2017-01-30-17-00, 0.001425
2017-01-30-18-00, 0.001427
2017-01-30-19-00, 0.001438
2017-01-30-20-00, 0.001440
2017-01-30-21-00, 0.001447
2017-01-30-22-00, 0.001454
2017-01-30-23-00, 0.001462
2017-01-31-00-00, 0.001465
2017-01-31-01-00, 0.001454
2017-01-31-02-00, 0.001461
2017-01-31-03-00, 0.001456
2017-01-31-04-00, 0.001452
2017-01-31-05-00, 0.001449
2017-01-31-06-00, 0.001445
2017-01-31-07-00, 0.001446
2017-01-31-08-00, 0.001449
2017-01-31-09-00, 0.001451
2017-01-31-10-00, 0.001458
2017-01-31-11-00, 0.001447
2017-01-31-12-00, 0.001442
2017-01-31-13-00, 0.001432
2017-01-31-14-00, 0.001443
2017-01-31-15-00, 0.001430
2017-01-31-16-00, 0.001430
2017-01-31-17-00, 0.001427
2017-01-31-18-00, 0.001428
2017-01-31-19-00, 0.001428
2017-01-31-20-00, 0.001434
2017-01-31-21-00, 0.001432
2017-01-31-22-00, 0.001425
2017-01-31-23-00, 0.001401
2017-02-01-00-00, 0.001395
2017-02-01-01-00, 0.001402
2017-02-01-02-00, 0.001384
2017-02-01-03-00, 0.001399
2017-02-01-04-00, 0.001390
2017-02-01-05-00, 0.001403
2017-02-01-06-00, 0.001399
2017-02-01-07-00, 0.001393
2017-02-01-08-00, 0.001390
2017-02-01-09-00, 0.001391
2017-02-01-10-00, 0.001391
2017-02-01-11-00, 0.001392
2017-02-01-12-00, 0.001391
2017-02-01-13-00, 0.001390
2017-02-01-14-00, 0.001397
2017-02-01-15-00, 0.001383
2017-02-01-16-00, 0.001385
2017-02-01-17-00, 0.001386
2017-02-01-18-00, 0.001378
2017-02-01-19-00, 0.001378
2017-02-01-20-00, 0.001379
2017-02-01-21-00, 0.001376
2017-02-01-22-00, 0.001374
2017-02-01-23-00, 0.001372
2017-02-02-00-00, 0.001369
2017-02-02-01-00, 0.001370
2017-02-02-02-00, 0.001366
2017-02-02-03-00, 0.001372
2017-02-02-04-00, 0.001367
2017-02-02-05-00, 0.001364
2017-02-02-06-00, 0.001366
2017-02-02-07-00, 0.001361
2017-02-02-08-00, 0.001358
2017-02-02-09-00, 0.001358
2017-02-02-10-00, 0.001360
2017-02-02-11-00, 0.001358
2017-02-02-12-00, 0.001359
2017-02-02-13-00, 0.001353
2017-02-02-14-00, 0.001355
2017-02-02-15-00, 0.001351
2017-02-02-16-00, 0.001360
2017-02-02-17-00, 0.001355
2017-02-02-18-00, 0.001356
2017-02-02-19-00, 0.001360
2017-02-02-20-00, 0.001362
2017-02-02-21-00, 0.001361
2017-02-02-22-00, 0.001344
2017-02-02-23-00, 0.001348
2017-02-03-00-00, 0.001346
2017-02-03-01-00, 0.001346
2017-02-03-02-00, 0.001341
2017-02-03-03-00, 0.001331
2017-02-03-04-00, 0.001331
2017-02-03-05-00, 0.001325
2017-02-03-06-00, 0.001323
2017-02-03-07-00, 0.001338
2017-02-03-08-00, 0.001327
2017-02-03-09-00, 0.001329
2017-02-03-10-00, 0.001327
2017-02-03-11-00, 0.001328
2017-02-03-12-00, 0.001335
2017-02-03-13-00, 0.001329
2017-02-03-14-00, 0.001334
2017-02-03-15-00, 0.001332
2017-02-03-16-00, 0.001330
2017-02-03-17-00, 0.001329
2017-02-03-18-00, 0.001328
2017-02-03-19-00, 0.001322
2017-02-03-20-00, 0.001327
2017-02-03-21-00, 0.001317
2017-02-03-22-00, 0.001319
2017-02-03-23-00, 0.001319
2017-02-04-00-00, 0.001317
2017-02-04-01-00, 0.001329
2017-02-04-02-00, 0.001335
2017-02-04-03-00, 0.001345
2017-02-04-04-00, 0.001338
2017-02-04-05-00, 0.001356
2017-02-04-06-00, 0.001346
2017-02-04-07-00, 0.001353
2017-02-04-08-00, 0.001349
2017-02-04-09-00, 0.001338
2017-02-04-10-00, 0.001336
2017-02-04-11-00, 0.001338
2017-02-04-12-00, 0.001345
2017-02-04-13-00, 0.001346
2017-02-04-14-00, 0.001346
2017-02-04-15-00, 0.001350
2017-02-04-16-00, 0.001347
2017-02-04-17-00, 0.001345
2017-02-04-18-00, 0.001330
2017-02-04-19-00, 0.001324
2017-02-04-20-00, 0.001330
2017-02-04-21-00, 0.001328
2017-02-04-22-00, 0.001330
2017-02-04-23-00, 0.001323
2017-02-05-00-00, 0.001327
2017-02-05-01-00, 0.001329
2017-02-05-02-00, 0.001326
2017-02-05-03-00, 0.001325
2017-02-05-04-00, 0.001323
2017-02-05-05-00, 0.001321
2017-02-05-06-00, 0.001320
2017-02-05-07-00, 0.001321
2017-02-05-08-00, 0.001321
2017-02-05-09-00, 0.001320
2017-02-05-10-00, 0.001328
2017-02-05-11-00, 0.001322
2017-02-05-12-00, 0.001320
2017-02-05-13-00, 0.001322
2017-02-05-14-00, 0.001322
2017-02-05-15-00, 0.001323
2017-02-05-16-00, 0.001326
2017-02-05-17-00, 0.001328
2017-02-05-18-00, 0.001338
2017-02-05-19-00, 0.001344
2017-02-05-20-00, 0.001348
2017-02-05-21-00, 0.001337
2017-02-05-22-00, 0.001343
2017-02-05-23-00, 0.001343
2017-02-06-00-00, 0.001346
2017-02-06-01-00, 0.001347
2017-02-06-02-00, 0.001351
2017-02-06-03-00, 0.001380
2017-02-06-04-00, 0.001399
2017-02-06-05-00, 0.001448
2017-02-06-06-00, 0.001420
2017-02-06-07-00, 0.001407
2017-02-06-08-00, 0.001410
2017-02-06-09-00, 0.001406
2017-02-06-10-00, 0.001421
2017-02-06-11-00, 0.001425
2017-02-06-12-00, 0.001411
2017-02-06-13-00, 0.001410
2017-02-06-14-00, 0.001408
2017-02-06-15-00, 0.001431
2017-02-06-16-00, 0.001422
2017-02-06-17-00, 0.001434
2017-02-06-18-00, 0.001430
2017-02-06-19-00, 0.001425
2017-02-06-20-00, 0.001427
2017-02-06-21-00, 0.001424
2017-02-06-22-00, 0.001416
2017-02-06-23-00, 0.001423
2017-02-07-00-00, 0.001415
2017-02-07-01-00, 0.001428
2017-02-07-02-00, 0.001426
2017-02-07-03-00, 0.001414
2017-02-07-04-00, 0.001411
2017-02-07-05-00, 0.001410
2017-02-07-06-00, 0.001405
2017-02-07-07-00, 0.001404
2017-02-07-08-00, 0.001397
2017-02-07-09-00, 0.001441
2017-02-07-10-00, 0.001440
2017-02-07-11-00, 0.001430
2017-02-07-12-00, 0.001422
2017-02-07-13-00, 0.001432
2017-02-07-14-00, 0.001428
2017-02-07-15-00, 0.001405
2017-02-07-16-00, 0.001394
2017-02-07-17-00, 0.001393
2017-02-07-18-00, 0.001392
2017-02-07-19-00, 0.001392
2017-02-07-20-00, 0.001391
2017-02-07-21-00, 0.001392
2017-02-07-22-00, 0.001396
2017-02-07-23-00, 0.001388
2017-02-08-00-00, 0.001387
2017-02-08-01-00, 0.001389
2017-02-08-02-00, 0.001390
2017-02-08-03-00, 0.001392
2017-02-08-04-00, 0.001380
2017-02-08-05-00, 0.001380
2017-02-08-06-00, 0.001385
2017-02-08-07-00, 0.001390
2017-02-08-08-00, 0.001382
2017-02-08-09-00, 0.001367
2017-02-08-10-00, 0.001365
2017-02-08-11-00, 0.001364
2017-02-08-12-00, 0.001357
2017-02-08-13-00, 0.001355
2017-02-08-14-00, 0.001363
2017-02-08-15-00, 0.001356
2017-02-08-16-00, 0.001362
2017-02-08-17-00, 0.001361
2017-02-08-18-00, 0.001361
2017-02-08-19-00, 0.001360
2017-02-08-20-00, 0.001355
2017-02-08-21-00, 0.001355
2017-02-08-22-00, 0.001346
2017-02-08-23-00, 0.001356
2017-02-09-00-00, 0.001363
2017-02-09-01-00, 0.001363
2017-02-09-02-00, 0.001357
2017-02-09-03-00, 0.001353
2017-02-09-04-00, 0.001354
2017-02-09-05-00, 0.001348
2017-02-09-06-00, 0.001331
2017-02-09-07-00, 0.001334
2017-02-09-08-00, 0.001335
2017-02-09-09-00, 0.001321
2017-02-09-10-00, 0.001324
2017-02-09-11-00, 0.001319
2017-02-09-12-00, 0.001323
2017-02-09-13-00, 0.001324
2017-02-09-14-00, 0.001340
2017-02-09-15-00, 0.001315
2017-02-09-16-00, 0.001258
2017-02-09-17-00, 0.001280
2017-02-09-18-00, 0.001301
2017-02-09-19-00, 0.001306
2017-02-09-20-00, 0.001314
2017-02-09-21-00, 0.001303
2017-02-09-22-00, 0.001293
2017-02-09-23-00, 0.001291
2017-02-10-00-00, 0.001275
2017-02-10-01-00, 0.001281
2017-02-10-02-00, 0.001277
2017-02-10-03-00, 0.001268
2017-02-10-04-00, 0.001271
2017-02-10-05-00, 0.001273
2017-02-10-06-00, 0.001271
2017-02-10-07-00, 0.001271
2017-02-10-08-00, 0.001277
2017-02-10-09-00, 0.001272
2017-02-10-10-00, 0.001280
2017-02-10-11-00, 0.001279
2017-02-10-12-00, 0.001269
2017-02-10-13-00, 0.001265
2017-02-10-14-00, 0.001271
2017-02-10-15-00, 0.001265
2017-02-10-16-00, 0.001272
2017-02-10-17-00, 0.001280
2017-02-10-18-00, 0.001278
2017-02-10-19-00, 0.001273
2017-02-10-20-00, 0.001277
2017-02-10-21-00, 0.001260
2017-02-10-22-00, 0.001258
2017-02-10-23-00, 0.001268
2017-02-11-00-00, 0.001269
2017-02-11-01-00, 0.001260
2017-02-11-02-00, 0.001253
2017-02-11-06-00, 0.001253
2017-02-11-12-00, 0.001253
2017-02-12-00-00, 0.001253
